gain,actDist,GoodBuyInterReward,BadBuyInterPenalty,ImpossibleBuyPenalty,GoodSellInterReward,BadSellInterPenalty,ImpossibleSellPenalty,NonInvestmentPenalty,Layers,TendWindowBars,Lookback
-6.088495211067754,"[(0, 463); (1, 499); (2, 1196)]",0.66,-0.08,-0.72,0.63,-0.9400000000000001,-0.75,-0.08,3,20,6
0,"[(2, 2158)]",0.6,-0.29,-0.99,0.67,-0.62,-0.81,-0.02,3,20,6
0,"[(2, 2158)]",0.6900000000000001,-0.04,-0.9400000000000001,0.85,-0.07,-0.79,-0.02,4,10,3
0,"[(2, 2158)]",0.64,-0.29,-0.8,0.92,-0.93,-0.88,0,3,30,10
0,"[(2, 2158)]",0.66,-0.28,-0.8300000000000001,0.9400000000000001,-0.17,-0.62,-0.05,5,20,6
0,"[(2, 2158)]",0.79,-0.14,-0.75,0.8300000000000001,-0.21,-0.88,-0.03,1,20,6
-0.4493423199716211,"[(0, 21); (1, 21); (2, 2116)]",0.9400000000000001,-0.18,-0.62,0.92,-0.44,-0.99,-0.04,2,20,6
-1.1037786449095424,"[(0, 68); (1, 68); (2, 2022)]",0.7000000000000001,-0.12,-0.72,0.8,-0.85,-0.61,-0.04,2,20,6
0,"[(2, 2158)]",0.81,-0.29,-0.67,0.75,-0.89,-0.7000000000000001,-0.05,4,40,13
0.9134411868597669,"[(0, 1); (2, 2157)]",0.88,-0.16,-0.75,0.93,-0.75,-0.97,-0.09,4,40,13
0,"[(2, 2158)]",0.75,-0.28,-0.84,0.9400000000000001,-0.8,-0.92,-0.06,3,20,6
0.7741971034969976,"[(0, 1); (2, 2157)]",0.8200000000000001,-0.17,-0.78,0.89,-0.24,-0.96,-0.03,2,40,13
-0.02889960979070592,"[(0, 2); (1, 2); (2, 2154)]",0.9500000000000001,-0.06,-0.9,0.68,-0.74,-0.81,-0.07,6,20,6
0,"[(2, 2158)]",0.78,-0.24,-0.8300000000000001,0.8300000000000001,-0.45,-0.75,-0.05,2,40,13
0,"[(1, 4); (2, 2154)]",0.93,-0.16,-0.81,0.63,-0.53,-0.66,-0.01,4,40,13
-0.9310787707523843,"[(0, 65); (1, 133); (2, 1960)]",0.66,-0.12,-0.61,0.8,-0.18,-0.85,-0.02,5,40,13
0,"[(1, 6); (2, 2152)]",0.99,-0.09,-0.84,0.87,-0.51,-0.91,-0.02,3,40,13
0.4838354026250443,"[(0, 5); (1, 30); (2, 2123)]",0.68,-0.22,-0.78,0.9400000000000001,-0.93,-0.65,0,4,20,6
-2.187980134799574,"[(0, 212); (1, 352); (2, 1594)]",0.99,-0.11,-0.68,0.9,-0.27,-0.98,-0.08,4,20,6
0,"[(2, 2158)]",0.74,-0.22,-0.65,0.78,-0.25,-0.68,-0.03,5,40,13
0,"[(1, 134); (2, 2024)]",0.89,-0.21,-0.9400000000000001,0.92,-0.1,-0.89,-0.06,2,10,3
0.3878141184817311,"[(0, 23); (1, 105); (2, 2030)]",0.8300000000000001,-0.24,-0.75,0.97,-0.13,-0.87,-0.03,3,30,10
-0.08447474390674674,"[(0, 7); (1, 26); (2, 2125)]",0.9,-0.14,-0.81,0.89,-0.06,-0.7000000000000001,-0.08,6,40,13
0,"[(1, 2); (2, 2156)]",0.72,-0.2,-0.8,0.89,-0.43,-0.86,-0.05,4,30,10
0,"[(1, 64); (2, 2094)]",0.79,-0.14,-0.8,0.98,-0.91,-0.92,-0.03,6,40,13
0.7252869811990066,"[(0, 2097); (2, 61)]",0.9,-0.22,-0.79,0.8,-0.61,-0.99,-0.09,1,10,3
0,"[(2, 2158)]",0.8200000000000001,-0.22,-0.88,0.85,-0.51,-0.9,-0.01,3,10,3
0.41578148279531746,"[(0, 28); (1, 170); (2, 1960)]",0.6,-0.08,-0.89,0.86,-0.59,-0.91,-0.09,2,10,3
0,"[(1, 32); (2, 2126)]",0.6,-0.2,-0.9400000000000001,0.68,-0.86,-0.9,-0.03,6,20,6
0,"[(1, 6); (2, 2152)]",0.7000000000000001,-0.24,-0.8,0.71,-0.53,-0.71,-0.02,2,10,3
0,"[(1, 334); (2, 1824)]",0.9,0,-0.7000000000000001,0.75,-0.51,-0.6,-0.09,3,20,6
0.1763758389261745,"[(0, 4); (1, 11); (2, 2143)]",0.8300000000000001,-0.25,-0.67,0.75,-0.68,-0.91,0,4,40,13
0,"[(1, 93); (2, 2065)]",0.7000000000000001,-0.18,-0.86,0.98,-0.86,-0.76,-0.02,5,30,10
-0.49968357573607664,"[(0, 4); (1, 166); (2, 1988)]",0.63,-0.15,-0.84,0.62,-0.29,-0.71,-0.08,6,10,3
0,"[(1, 98); (2, 2060)]",0.65,-0.15,-0.79,0.62,-0.01,-0.86,-0.01,4,40,13
1.0907453196750265,"[(0, 1); (1, 23); (2, 2134)]",0.76,0,-0.87,0.87,-0.1,-0.97,-0.03,5,40,13
0,"[(1, 7); (2, 2151)]",0.88,-0.16,-0.75,0.93,-0.75,-0.97,-0.09,4,40,13
0,"[(1, 341); (2, 1817)]",0.9,-0.22,-0.79,0.8,-0.61,-0.99,-0.09,1,10,3
-3.5649067045051437,"[(0, 234); (1, 353); (2, 1571)]",0.68,-0.22,-0.78,0.9400000000000001,-0.93,-0.65,0,4,20,6
0.6935906349769421,"[(0, 303); (1, 1); (2, 1854)]",0.6,-0.08,-0.89,0.86,-0.59,-0.91,-0.09,2,10,3
-2.784881667255387,"[(0, 773); (1, 411); (2, 974)]",0.8300000000000001,-0.25,-0.67,0.75,-0.68,-0.91,0,4,40,13
0.23671494171670787,"[(0, 1); (1, 11); (2, 2146)]",0.93,-0.16,-0.81,0.63,-0.53,-0.66,-0.01,4,40,13
0.9191940404398722,"[(0, 155); (1, 1); (2, 2002)]",0.6,-0.08,-0.89,0.86,-0.59,-0.91,-0.09,2,10,3
0.1253196750264924,"[(0, 1); (1, 32); (2, 2125)]",0.76,0,-0.87,0.87,-0.1,-0.97,-0.03,5,40,13
0,"[(1, 28); (2, 2130)]",0.8200000000000001,-0.17,-0.78,0.89,-0.24,-0.96,-0.03,2,40,13
0.669352252571834,"[(0, 2); (1, 24); (2, 2132)]",0.8300000000000001,-0.24,-0.75,0.97,-0.13,-0.87,-0.03,3,30,10
-0.44654558354026247,"[(0, 1); (1, 21); (2, 2136)]",0.8300000000000001,-0.24,-0.75,0.97,-0.13,-0.87,-0.03,3,30,10
0,"[(1, 275); (2, 1883)]",0.98,-0.13,-0.78,1,0,-0.93,-0.08,2,10,3
-3.4232053919829726,"[(0, 242); (1, 1878); (2, 38)]",0.74,-0.14,-0.99,0.74,-0.51,-0.79,0,1,10,3
0,"[(1, 48); (2, 2110)]",0.9400000000000001,-0.15,-0.96,0.85,-0.37,-0.81,-0.04,3,10,3
0,"[(1, 20); (2, 2138)]",0.97,-0.25,-0.8300000000000001,0.9500000000000001,-0.38,-0.88,-0.08,3,30,10
0.40179780063852427,"[(0, 82); (1, 10); (2, 2066)]",0.77,-0.08,-0.8300000000000001,0.73,-0.07,-0.8300000000000001,0,4,10,3
-0.013924408336276934,"[(0, 1); (1, 131); (2, 2026)]",0.66,-0.17,-0.91,0.62,-0.49,-0.73,-0.05,2,40,13
0,"[(1, 48); (2, 2110)]",0.85,-0.16,-0.6900000000000001,1,-0.93,-0.72,0,4,10,3
-1.034792479602696,"[(0, 102); (1, 721); (2, 1335)]",0.63,-0.27,-0.63,0.7000000000000001,-1,-0.61,-0.1,3,20,6
0.014915927633912736,"[(0, 1); (1, 474); (2, 1683)]",0.9400000000000001,-0.28,-1,0.87,-0.08,-0.6,0,3,10,3
0,"[(2, 2158)]",0.64,-0.28,-0.81,0.9,-0.28,-0.93,-0.02,3,30,10
-1.1158978361120964,"[(0, 98); (1, 1314); (2, 746)]",0.81,-0.3,-0.6,1,0,-0.6,-0.06,4,30,10
0,"[(1, 12); (2, 2146)]",0.68,-0.04,-0.91,0.67,-0.37,-0.87,-0.02,4,20,6
1.028266761262859,"[(0, 154); (1, 8); (2, 1996)]",0.7000000000000001,-0.02,-0.92,0.86,-0.07,-0.88,-0.02,4,30,10
0,"[(2, 2158)]",0.9400000000000001,-0.16,-0.81,0.6,0,-0.76,-0.1,1,30,10
0.8474111387016672,"[(0, 2155); (2, 3)]",0.79,-0.14,-0.75,0.8300000000000001,-0.21,-0.88,-0.03,1,20,6
0.4493423199716211,"[(0, 33); (1, 5); (2, 2120)]",0.85,-0.24,-0.81,0.77,-0.54,-0.75,-0.05,4,10,3
0.7252869811990066,"[(0, 2158)]",0.6,0,-0.64,0.92,-0.05,-0.9400000000000001,-0.09,1,10,3
-2.2262021993614756,"[(0, 438); (1, 408); (2, 1312)]",0.77,-0.12,-0.73,1,-0.9,-0.8,-0.02,2,30,10
-0.24599788060755917,"[(0, 184); (1, 401); (2, 1573)]",0.88,-0.16,-0.75,0.93,-0.75,-0.97,-0.09,4,40,13
0,"[(1, 121); (2, 2037)]",0.78,-0.24,-0.85,0.78,-0.35000000000000003,-0.75,-0.08,1,30,10
0,"[(1, 36); (2, 2122)]",0.8200000000000001,-0.17,-0.78,0.89,-0.24,-0.96,-0.03,2,40,13
-2.3520553387726144,"[(0, 171); (1, 1983); (2, 4)]",0.6,-0.13,-0.87,0.92,-0.61,-1,0,1,30,10
0,"[(2, 2158)]",0.6,0,-1,0.88,0,-0.6,-0.04,1,10,3
0.27967364313586374,"[(0, 1); (1, 122); (2, 2035)]",0.92,-0.15,-0.8,0.63,-0.5,-0.66,-0.01,4,30,10
0,"[(2, 2158)]",0.75,-0.01,-0.78,0.87,-0.2,-0.92,-0.01,4,30,10
0,"[(1, 424); (2, 1734)]",0.6,-0.3,-0.84,0.85,-0.15,-0.85,-0.04,6,20,6
0,"[(1, 2158)]",0.8,-0.06,-0.77,0.93,-0.6,-0.68,-0.08,1,20,6
-1.225902802412203,"[(0, 198); (1, 142); (2, 1818)]",0.73,-0.22,-0.64,0.77,-0.25,-0.67,-0.02,5,30,10
-8.776158921603406,"[(0, 1197); (1, 914); (2, 47)]",0.76,-0.23,-0.86,0.87,-0.12,-0.91,-0.03,3,30,10
-0.9004450724125751,"[(0, 83); (1, 144); (2, 1931)]",1,-0.25,-0.72,1,-0.55,-0.88,-0.06,3,50,16
0.7066420716566159,"[(0, 914); (2, 1244)]",0.88,-0.21,-0.93,0.91,-0.09,-0.88,-0.06,1,10,3
-8.737004611564384,"[(0, 1417); (1, 715); (2, 26)]",0.78,-0.27,-0.81,0.71,-0.35000000000000003,-0.86,0,2,30,10
0.8408854203618304,"[(0, 1); (2, 2157)]",0.72,-0.19,-0.8,0.88,-0.29,-0.9500000000000001,-0.03,4,30,10
0,"[(1, 62); (2, 2096)]",0.6,-0.08,-0.88,0.86,-0.59,-0.9,-0.09,2,10,3
0,"[(2, 2158)]",0.75,-0.12,-0.92,0.73,-0.79,-0.9500000000000001,-0.01,5,20,6
-0.43349414686058885,"[(0, 1908); (1, 218); (2, 32)]",0.6,-0.18,-0.6900000000000001,0.6,-0.66,-0.62,-0.03,1,10,3
-2.3820021193924408,"[(0, 202); (1, 1605); (2, 351)]",0.92,-0.15,-0.8,0.62,-0.53,-0.66,0,3,40,13
-2.366971266406527,"[(0, 1076); (1, 1081); (2, 1)]",0.6,0,-0.6,1,-1,-0.79,-0.08,1,10,3
0.7834800423878489,"[(0, 1); (1, 3); (2, 2154)]",0.8300000000000001,-0.25,-0.67,0.75,-0.68,-0.91,0,4,40,13
-0.09561427057576828,"[(0, 11); (1, 68); (2, 2079)]",0.76,0,-0.87,0.87,-0.1,-0.97,-0.03,5,40,13
-1.2864987584249734,"[(0, 85); (1, 544); (2, 1529)]",0.62,-0.13,-0.84,0.62,-0.28,-0.72,-0.07,6,10,3
0,"[(1, 71); (2, 2087)]",0.7000000000000001,-0.02,-0.92,0.86,-0.07,-0.88,-0.02,4,30,10
0,"[(2, 2158)]",0.79,-0.14,-0.75,0.8300000000000001,-0.21,-0.88,-0.03,1,20,6
0.932245477119546,"[(0, 65); (2, 2093)]",0.72,-0.19,-0.8,0.88,-0.29,-0.9500000000000001,-0.03,4,30,10
0,"[(1, 6); (2, 2152)]",0.6,0,-0.64,0.92,-0.05,-0.9400000000000001,-0.09,1,10,3
0,"[(1, 35); (2, 2123)]",0.88,-0.21,-0.93,0.91,-0.09,-0.88,-0.06,1,10,3
-5.25506775452288,"[(0, 403); (1, 1609); (2, 146)]",0.77,-0.08,-0.8300000000000001,0.73,-0.07,-0.8300000000000001,0,4,10,3
0.05779921958141184,"[(0, 4); (1, 137); (2, 2017)]",0.72,-0.19,-0.8,0.88,-0.29,-0.9500000000000001,-0.03,4,30,10
-0.012067820558106675,"[(0, 10); (1, 139); (2, 2009)]",0.8300000000000001,-0.25,-0.67,0.75,-0.68,-0.91,0,4,40,13
-0.7980021284143313,"[(0, 21); (1, 599); (2, 1538)]",0.85,-0.24,-0.81,0.77,-0.54,-0.75,-0.05,4,10,3
0.9285164952110676,"[(0, 1); (2, 2157)]",0.92,-0.15,-0.8,0.63,-0.5,-0.66,-0.01,4,30,10
0,"[(2, 2158)]",0.92,-0.15,-0.8,0.63,-0.5,-0.66,-0.01,4,30,10
0,"[(1, 69); (2, 2089)]",0.65,-0.27,-0.81,0.71,-0.27,-0.6,0,1,10,3
0,"[(1, 5); (2, 2153)]",0.6,0,-0.66,0.6,-0.42,-0.71,0,2,10,3
0,"[(1, 1504); (2, 654)]",0.74,-0.26,-0.9500000000000001,0.73,-0.08,-0.73,-0.06,1,20,6
0.8474111387016672,"[(0, 2107); (1, 1); (2, 50)]",0.61,-0.07,-0.8300000000000001,1,-1,-0.81,-0.06,2,20,6
0,"[(1, 523); (2, 1635)]",0.85,-0.3,-0.74,0.75,-0.11,-0.8200000000000001,0,2,20,6
-0.14574214058636523,"[(0, 11); (1, 19); (2, 2128)]",0.9500000000000001,-0.26,-0.76,0.99,-0.52,-0.8,-0.05,2,40,13
0,"[(1, 187); (2, 1971)]",1,-0.3,-0.6,1,-0.55,-0.88,-0.06,1,50,16
0,"[(2, 2158)]",0.8300000000000001,0,-0.78,0.85,-1,-0.81,0,1,30,10
0,"[(1, 74); (2, 2084)]",0.88,-0.18,-0.68,0.9500000000000001,0,-0.87,-0.02,5,30,10
0,"[(1, 31); (2, 2127)]",0.9400000000000001,-0.28,-1,0.87,-0.08,-0.6,0,3,10,3
-0.04195104647037956,"[(0, 1); (1, 56); (2, 2101)]",0.68,-0.04,-0.91,0.66,-0.4,-0.87,-0.01,4,20,6
0,"[(1, 16); (2, 2142)]",0.7000000000000001,-0.02,-0.92,0.86,-0.07,-0.88,-0.02,4,30,10
0,"[(1, 1); (2, 2157)]",0.93,-0.15,-0.81,0.62,-0.53,-0.65,0,4,40,13
-0.4613620628753091,"[(0, 38); (1, 140); (2, 1980)]",0.92,-0.06,-0.87,1,0,-1,0,5,40,13
-9.551787158566867,"[(0, 1064); (1, 1094)]",0.78,-0.14,-0.75,0.8300000000000001,-0.22,-0.88,-0.02,1,20,6
-0.03915431003902092,"[(0, 1); (1, 2157)]",0.9400000000000001,-0.16,-0.81,0.6,-0.01,-0.76,-0.1,1,20,6
-0.37103369989357926,"[(0, 5); (1, 89); (2, 2064)]",0.85,-0.24,-0.81,0.77,-0.54,-0.75,-0.05,4,10,3
-5.121756651294785,"[(0, 550); (1, 1039); (2, 569)]",0.75,-0.19,-0.81,0.8300000000000001,-0.34,-0.76,-0.08,2,10,3
0.7392706633557998,"[(0, 1); (1, 2); (2, 2155)]",0.6,-0.29,-0.63,0.97,0,-0.92,0,4,10,3
0,"[(1, 71); (2, 2087)]",0.93,-0.05,-0.9400000000000001,0.8200000000000001,-0.91,-0.6,0,5,20,6
0,"[(1, 4); (2, 2154)]",0.92,-0.15,-0.8,0.63,-0.5,-0.66,-0.01,4,30,10
0,"[(1, 2041); (2, 117)]",0.67,-0.22,-0.77,0.93,-0.93,-0.64,0,3,20,6
0.7597800638524299,"[(0, 1); (2, 2157)]",0.9,-0.07,-0.74,0.8200000000000001,-0.63,-0.68,-0.04,3,10,3
-0.2899283433841788,"[(0, 46); (1, 31); (2, 2081)]",0.74,-0.01,-0.77,0.86,-0.21,-0.91,-0.01,4,20,6
0,"[(1, 71); (2, 2087)]",0.74,-0.22,-0.91,0.67,0,-1,-0.05,5,50,16
0,"[(2, 2158)]",0.76,-0.05,-0.84,0.88,-0.48,-0.87,-0.05,1,30,10
0,"[(1, 6); (2, 2152)]",0.73,-0.08,-0.76,0.8200000000000001,-0.16,-0.78,-0.02,5,30,10
0.7802894643490599,"[(0, 2157); (1, 1)]",0.77,-0.15,-0.92,0.88,-0.09,-0.91,-0.04,2,30,10
0.40009466619569056,"[(0, 1); (1, 1); (2, 2156)]",1,-0.1,-0.8,0.6,-1,-1,0,3,40,13
-4.491558708761972,"[(0, 916); (1, 847); (2, 395)]",0.72,-0.19,-0.8,0.88,-0.29,-0.9500000000000001,-0.03,4,30,10
-0.07457963816956367,"[(0, 3); (1, 63); (2, 2092)]",0.85,0,-0.77,0.6,-0.22,-0.6,-0.02,6,20,6
0,"[(1, 73); (2, 2085)]",0.6,-0.08,-0.88,0.86,-0.59,-0.9,-0.09,2,10,3
0,"[(1, 4); (2, 2154)]",0.92,-0.3,-0.61,0.98,0,-0.77,-0.05,4,40,13
-2.1348421426037603,"[(0, 191); (1, 194); (2, 1773)]",0.75,-0.01,-0.87,0.77,-0.65,-0.9500000000000001,-0.02,4,30,10
0,"[(1, 748); (2, 1410)]",0.6,-0.05,-1,0.6,-0.21,-0.6,-0.04,3,30,10
-2.54596239801348,"[(0, 229); (1, 1711); (2, 218)]",0.81,-0.03,-0.8300000000000001,0.86,-0.63,-0.92,-0.01,4,30,10
0.9117360766229159,"[(0, 71); (1, 40); (2, 2047)]",0.78,-0.11,-0.73,0.7000000000000001,-0.63,-0.72,-0.03,3,30,10
-1.4543029443064917,"[(0, 142); (1, 1126); (2, 890)]",0.87,-0.19,-0.85,0.92,-0.17,-0.96,-0.07,4,30,10
0,"[(1, 51); (2, 2107)]",0.76,0,-0.84,0.74,-0.09,-0.91,-0.02,4,10,3
0,"[(1, 18); (2, 2140)]",0.74,-0.06,-0.86,0.8,-0.18,-0.79,-0.03,5,10,3
0,"[(2, 2158)]",0.67,-0.27,-0.93,1,0,-0.98,0,1,40,13
0.7157145884846344,"[(0, 2); (2, 2156)]",0.76,0,-0.86,0.87,-0.1,-0.96,-0.03,5,40,13
-0.012119191202554096,"[(0, 1); (1, 107); (2, 2050)]",0.78,-0.11,-0.73,0.7000000000000001,-0.63,-0.72,-0.03,3,30,10
0,"[(1, 44); (2, 2114)]",0.77,-0.15,-0.92,0.88,-0.09,-0.91,-0.04,2,30,10
-0.18178786803831146,"[(0, 12); (1, 22); (2, 2124)]",0.9,-0.07,-0.74,0.8200000000000001,-0.63,-0.68,-0.04,3,10,3
-4.00306207875133,"[(0, 399); (1, 261); (2, 1498)]",0.6,-0.29,-0.63,0.97,0,-0.92,0,4,10,3
0,"[(1, 15); (2, 2143)]",0.76,0,-0.86,0.87,-0.1,-0.96,-0.03,5,40,13
0,"[(1, 82); (2, 2076)]",0.7000000000000001,-0.02,-0.92,0.86,-0.07,-0.88,-0.02,4,30,10
-1.7981052631578949,"[(0, 289); (1, 459); (2, 1410)]",0.93,-0.15,-0.81,0.62,-0.53,-0.65,0,4,40,13
0,"[(1, 2); (2, 2156)]",0.77,-0.15,-0.92,0.88,-0.09,-0.91,-0.04,2,30,10
0,"[(2, 2158)]",0.61,-0.07,-0.8300000000000001,1,-1,-0.81,-0.06,2,20,6
0,"[(1, 27); (2, 2131)]",1,-0.1,-0.8,0.6,-1,-1,0,3,40,13
0.8336079123984459,"[(0, 5); (1, 30); (2, 2123)]",1,-0.1,-0.8,0.6,-1,-1,0,3,40,13
0.5985015963107484,"[(0, 1341); (1, 6); (2, 811)]",1,-0.16,-0.8300000000000001,0.6,-0.5,-0.8300000000000001,0,2,30,10
-0.24984178786803832,"[(0, 813); (1, 43); (2, 1302)]",0.6,0,-0.98,0.6900000000000001,-0.4,-1,0,4,30,10
-0.12585313941113868,"[(0, 2); (1, 244); (2, 1912)]",0.75,-0.03,-0.68,0.63,-0.63,-0.62,-0.02,5,10,3
0,"[(2, 2158)]",0.8300000000000001,0,-0.8,0.74,-0.43,-0.9500000000000001,-0.05,4,30,10
-0.08483433841787869,"[(0, 2); (1, 7); (2, 2149)]",0.81,0,-0.7000000000000001,0.81,-0.68,-0.81,0,6,30,10
-3.363541681447322,"[(0, 229); (1, 1601); (2, 328)]",0.66,-0.16,-0.77,0.71,-0.84,-0.6900000000000001,-0.08,1,10,3
0,"[(1, 41); (2, 2117)]",0.67,0,-0.93,0.74,-0.14,-0.88,-0.02,6,10,3
0,"[(1, 1100); (2, 1058)]",0.64,-0.18,-1,0.66,-0.32,-0.87,-0.1,1,10,3
-0.021350759448957965,"[(0, 1); (1, 2156); (2, 1)]",1,-0.01,-0.89,0.6,-1,-0.77,-0.05,1,50,16
0,"[(1, 35); (2, 2123)]",0.8,-0.11,-0.99,0.78,-0.09,-0.79,-0.01,4,10,3
0,"[(2, 2158)]",0.71,-0.03,-0.88,0.7000000000000001,-0.22,-0.93,-0.01,4,20,6
0.5118027669386307,"[(0, 1232); (1, 49); (2, 877)]",0.74,0,-0.87,0.86,-0.08,-0.9,-0.02,4,30,10
0,"[(2, 2158)]",0.6,-0.21,-0.73,0.92,-0.81,-1,0,1,30,10
-0.11000496630010641,"[(0, 5); (1, 37); (2, 2116)]",0.76,-0.29,-0.77,0.8,-0.1,-0.9400000000000001,-0.01,2,20,6
-0.21907768712309328,"[(0, 9); (1, 77); (2, 2072)]",0.81,-0.05,-0.86,0.8,-0.06,-0.88,-0.05,4,20,6
-4.192307910606598,"[(0, 296); (1, 1862)]",0.61,-0.07,-0.8300000000000001,1,-1,-0.81,-0.06,2,20,6
-1.8421170627882226,"[(0, 161); (1, 330); (2, 1667)]",0.66,-0.06,-0.84,0.88,-0.07,-0.9500000000000001,-0.01,4,30,10
0,"[(1, 112); (2, 2046)]",1,-0.14,-0.84,0.81,-0.79,-0.93,-0.09,6,50,16
-0.19763604114934372,"[(0, 66); (1, 235); (2, 1857)]",1,-0.11,-1,0.85,-0.9,-0.6,-0.07,1,10,3
-4.435388202048746,"[(0, 1551); (1, 572); (2, 35)]",0.76,-0.29,-0.8200000000000001,0.91,-0.36,-0.9500000000000001,-0.03,4,40,13
0,"[(1, 169); (2, 1989)]",0.85,-0.09,-0.81,0.71,-0.29,-0.77,-0.02,4,30,10
0.8317513246202756,"[(0, 7); (2, 2151)]",0.87,-0.01,-0.73,0.76,-1,-0.87,0,4,50,16
-0.05105616389968209,"[(0, 1); (1, 66); (2, 2091)]",0.74,-0.22,-0.91,0.67,0,-1,-0.05,5,50,16
0.009322454771195459,"[(0, 2); (1, 111); (2, 2045)]",0.77,-0.02,-0.8,0.8300000000000001,-0.62,-0.84,-0.03,3,20,6
-0.6339269244412913,"[(0, 5); (1, 39); (2, 2114)]",0.72,-0.07,-0.6,0.66,-0.86,-1,-0.03,4,10,3
-4.058064561901383,"[(0, 1878); (1, 280)]",0.97,0,-0.8200000000000001,0.89,-1,-0.88,-0.02,1,20,6
-1.4305008830801835,"[(0, 675); (1, 147); (2, 1336)]",1,-0.1,-0.8,0.6,-1,-1,0,3,40,13
0,"[(1, 16); (2, 2142)]",0.75,-0.04,-0.86,0.84,-0.13,-0.8300000000000001,-0.02,5,30,10
0,"[(1, 76); (2, 2082)]",0.77,-0.15,-0.92,0.88,-0.09,-0.91,-0.04,2,30,10
0,"[(1, 1919); (2, 239)]",0.7000000000000001,-0.27,-0.98,0.74,-0.45,-0.97,-0.1,1,30,10
0,"[(1, 1); (2, 2157)]",0.85,-0.3,-0.8,0.68,-0.44,-1,-0.03,3,30,10
-1.956783256473927,"[(0, 188); (1, 1907); (2, 63)]",0.6,-0.25,-0.8200000000000001,0.84,0,-0.66,-0.05,2,20,6
0.013983682156793189,"[(0, 3); (1, 67); (2, 2088)]",0.85,0,-0.76,0.6,-0.21,-0.6,-0.01,6,20,6
-0.10118403391027905,"[(0, 16); (1, 52); (2, 2090)]",0.86,-0.16,-0.64,0.89,-0.07,-0.89,-0.03,4,40,13
0.8474111387016672,"[(0, 1611); (2, 547)]",0.77,-0.14,-0.92,0.89,-0.08,-0.91,-0.04,1,20,6
0,"[(1, 15); (2, 2143)]",0.6,-0.05,-0.99,0.6,-0.21,-0.6,-0.04,3,30,10
-0.09042781128059596,"[(0, 25); (1, 34); (2, 2099)]",0.78,-0.11,-0.73,0.7000000000000001,-0.63,-0.72,-0.03,3,30,10
0,"[(2, 2158)]",1,-0.2,-0.71,1,-0.72,-1,0,4,20,6
-0.12253479335923702,"[(0, 3); (1, 64); (2, 2091)]",0.98,-0.26,-0.68,0.93,-0.5700000000000001,-1,0,4,40,13
0,"[(1, 6); (2, 2152)]",0.73,-0.05,-0.86,0.8,-0.19,-0.78,-0.02,4,10,3
0,"[(1, 74); (2, 2084)]",0.76,0,-0.86,0.87,-0.1,-0.96,-0.03,5,40,13
0,"[(1, 56); (2, 2102)]",0.8200000000000001,-0.23,-0.74,0.97,-0.1,-0.87,-0.03,3,20,6
0,"[(1, 3); (2, 2155)]",0.87,-0.01,-0.73,0.76,-1,-0.87,0,4,50,16
0,"[(1, 1); (2, 2157)]",0.77,-0.02,-0.8,0.8300000000000001,-0.62,-0.84,-0.03,3,20,6
-0.15688166725538677,"[(0, 6); (1, 121); (2, 2031)]",1,-0.14,-0.84,0.81,-0.79,-0.93,-0.09,6,50,16
-6.321681384669729,"[(0, 473); (1, 1647); (2, 38)]",0.87,-0.01,-0.73,0.76,-1,-0.87,0,4,50,16
0.8474111387016672,"[(0, 2158)]",0.77,-0.14,-0.92,0.89,-0.08,-0.91,-0.04,1,20,6
-0.6805391982972685,"[(0, 50); (1, 469); (2, 1639)]",0.74,0,-0.87,0.86,-0.08,-0.9,-0.02,4,30,10
0,"[(1, 76); (2, 2082)]",0.85,0,-0.76,0.6,-0.21,-0.6,-0.01,6,20,6
0.7504576090812345,"[(0, 11); (2, 2147)]",0.64,-0.18,-1,0.66,-0.32,-0.87,-0.1,1,10,3
0,"[(1, 52); (2, 2106)]",0.8,-0.11,-0.99,0.78,-0.09,-0.79,-0.01,4,10,3
0.000932245477119546,"[(0, 2); (1, 36); (2, 2120)]",0.85,-0.09,-0.81,0.71,-0.29,-0.77,-0.02,4,30,10
-3.5332103582830787,"[(0, 200); (1, 1958)]",0.77,-0.14,-0.92,0.89,-0.08,-0.91,-0.04,1,20,6
0,"[(1, 2078); (2, 80)]",0.96,0,-1,0.68,-0.78,-0.6,-0.05,1,10,3
0,"[(2, 2158)]",0.6,-0.3,-1,0.6,0,-0.97,-0.1,1,10,3
-5.236422844980489,"[(0, 880); (1, 380); (2, 898)]",0.86,-0.05,-0.8200000000000001,0.93,-1,-1,-0.03,1,10,3
0,"[(1, 495); (2, 1663)]",1,-0.17,-0.8200000000000001,0.8200000000000001,-1,-0.72,-0.07,1,20,6
-0.0689861653068464,"[(0, 1); (1, 36); (2, 2121)]",0.85,-0.22,-0.85,0.88,0,-0.92,-0.04,3,20,6
-4.175527492018446,"[(0, 984); (1, 1174)]",0.8,-0.27,-0.96,0.74,-0.77,-0.98,-0.05,1,10,3
0.8466040268456376,"[(0, 20); (1, 22); (2, 2116)]",0.68,-0.22,-0.73,0.84,-0.46,-1,-0.03,4,40,13
0,"[(1, 1); (2, 2157)]",0.64,-0.3,-0.6,0.8300000000000001,0,-1,0,4,40,13
0,"[(1, 3); (2, 2155)]",0.92,0,-0.85,0.78,-0.55,-0.93,-0.07,6,40,13
0,"[(1, 101); (2, 2057)]",0.65,0,-0.79,0.87,-0.07,-0.99,0,6,30,10
0,"[(1, 53); (2, 2105)]",0.76,0,-0.88,0.68,-0.51,-0.84,-0.03,2,40,13
0,"[(1, 53); (2, 2105)]",0.63,0,-1,0.6,0,-0.8,-0.02,2,40,13
0,"[(1, 8); (2, 2150)]",0.8300000000000001,-0.24,-0.75,0.97,-0.16,-0.87,-0.03,3,20,6
0.13890457609081233,"[(0, 5); (1, 178); (2, 1975)]",0.74,0,-0.87,0.86,-0.08,-0.9,-0.02,4,30,10
0,"[(1, 21); (2, 2137)]",0.73,-0.02,-0.87,0.85,-0.14,-0.93,-0.02,4,20,6
-0.04940901028733593,"[(0, 2); (1, 60); (2, 2096)]",0.6,0,-0.86,0.89,-0.38,-0.98,-0.02,1,30,10
0,"[(1, 101); (2, 2057)]",0.75,-0.3,-0.67,1,0,-0.6,-0.06,1,30,10
-2.2895948918056046,"[(0, 1891); (1, 179); (2, 88)]",0.8,-0.04,-0.85,0.8,-0.05,-0.88,-0.04,4,20,6
0,"[(1, 39); (2, 2119)]",0.71,0,-0.6,0.99,-0.77,-0.92,-0.02,5,40,13
0,"[(1, 40); (2, 2118)]",0.85,-0.08,-0.76,0.79,-0.03,-0.61,-0.01,4,30,10
0.20051148004238786,"[(0, 31); (1, 494); (2, 1633)]",1,-0.14,-0.84,0.81,-0.79,-0.93,-0.09,6,50,16
0,"[(1, 3); (2, 2155)]",0.86,-0.1,-0.89,0.86,-0.3,-0.67,-0.05,2,30,10
0,"[(1, 5); (2, 2153)]",0.87,-0.01,-0.73,0.76,-1,-0.87,0,4,50,16
0.6898616530684639,"[(0, 2148); (1, 10)]",0.85,-0.09,-0.8,0.71,-0.29,-0.77,-0.02,3,30,10
-0.08725962557400213,"[(0, 14); (1, 167); (2, 1977)]",0.73,0,-0.6,0.6,-1,-0.8300000000000001,-0.05,5,50,16
-0.26009648811635333,"[(0, 1); (1, 72); (2, 2085)]",0.67,0,-0.93,0.74,-0.14,-0.88,-0.02,6,10,3
-0.9462291592763391,"[(0, 37); (1, 178); (2, 1943)]",0.74,-0.03,-0.77,0.75,-0.75,-0.98,-0.02,4,10,3
0.7802894643490599,"[(0, 2158)]",0.8,-0.26,-0.6,1,-0.5700000000000001,-1,-0.01,1,30,10
0,"[(1, 50); (2, 2108)]",0.85,-0.08,-0.89,0.74,-0.59,-0.61,0,4,30,10
0,"[(1, 35); (2, 2123)]",0.74,-0.21,-0.89,0.8,-0.06,-0.98,-0.04,6,40,13
-0.038060049452490294,"[(0, 14); (1, 31); (2, 2113)]",1,-0.09,-0.7000000000000001,0.6,-1,-0.78,-0.06,1,50,16
0.568669741042923,"[(0, 39); (1, 2); (2, 2117)]",0.75,-0.01,-0.86,0.84,-0.1,-0.9,-0.02,6,30,10
0,"[(1, 205); (2, 1953)]",0.76,-0.03,-0.87,0.87,-0.09,-0.93,-0.03,2,30,10
-0.11839517559418232,"[(0, 1); (1, 66); (2, 2091)]",0.85,0,-0.73,0.8200000000000001,-0.11,-0.65,0,4,30,10
-0.11559843916282368,"[(0, 5); (1, 213); (2, 1940)]",0.85,0,-0.76,0.6,-0.21,-0.6,-0.01,6,20,6
-1.0580986165306847,"[(0, 103); (1, 365); (2, 1690)]",0.85,0,-0.73,0.79,-0.93,-0.62,0,4,30,10
0,"[(1, 182); (2, 1976)]",0.85,-0.03,-0.74,0.84,-0.71,-0.6,-0.01,4,30,10
-0.05313799219581412,"[(0, 3); (1, 316); (2, 1839)]",0.6,-0.04,-0.97,0.67,-0.16,-0.73,-0.03,4,30,10
0.8474111387016672,"[(0, 2149); (2, 9)]",0.77,-0.14,-0.92,0.89,-0.08,-0.91,-0.04,1,20,6
-7.884000000000001,"[(0, 772); (1, 1350); (2, 36)]",1,-0.02,-0.6,1,-1,-0.73,0,2,40,13
-1.8467782901738203,"[(0, 209); (1, 402); (2, 1547)]",0.8200000000000001,-0.15,-0.81,0.91,-0.68,-0.99,-0.01,4,30,10
0,"[(1, 460); (2, 1698)]",0.67,-0.3,-1,1,-0.32,-0.71,0,2,20,6
0.055934728627172754,"[(0, 3); (1, 69); (2, 2086)]",0.8200000000000001,-0.23,-0.74,0.97,-0.1,-0.87,-0.03,3,20,6
0.28153813409010287,"[(0, 12); (1, 151); (2, 1995)]",0.73,-0.05,-0.86,0.8,-0.19,-0.78,-0.02,4,10,3
0,"[(1, 89); (2, 2069)]",0.77,-0.14,-0.92,0.89,-0.08,-0.91,-0.04,1,20,6
0.11186945725434551,"[(0, 8); (1, 23); (2, 2127)]",0.85,-0.09,-0.8,0.71,-0.29,-0.77,-0.02,3,30,10
-2.2075572898190847,"[(0, 230); (1, 189); (2, 1739)]",0.75,-0.01,-0.86,0.84,-0.1,-0.9,-0.02,6,30,10
-4.456133380631429,"[(0, 415); (1, 449); (2, 1294)]",0.73,-0.05,-0.86,0.8,-0.19,-0.78,-0.02,4,10,3
0,"[(1, 48); (2, 2110)]",0.74,0,-0.87,0.86,-0.08,-0.9,-0.02,4,30,10
0.07830862007804185,"[(0, 3); (1, 69); (2, 2086)]",0.8200000000000001,-0.23,-0.74,0.97,-0.1,-0.87,-0.03,3,20,6
0,"[(1, 188); (2, 1970)]",0.85,-0.09,-0.8,0.71,-0.29,-0.77,-0.02,3,30,10
0,"[(2, 2158)]",0.68,-0.22,-0.73,0.84,-0.46,-1,-0.03,4,40,13
0,"[(1, 1974); (2, 184)]",0.8,-0.26,-0.6,1,-0.5700000000000001,-1,-0.01,1,30,10
0.9208675379724479,"[(0, 7); (2, 2151)]",1,-0.14,-0.84,0.81,-0.79,-0.93,-0.09,6,50,16
-0.038060049452490294,"[(0, 2); (1, 190); (2, 1966)]",1,-0.14,-0.84,0.81,-0.79,-0.93,-0.09,6,50,16
0,"[(1, 81); (2, 2077)]",0.86,-0.07,-0.88,0.8200000000000001,-0.47000000000000003,-0.68,-0.04,2,30,10
0.8791074849237317,"[(0, 1); (2, 2157)]",0.86,-0.3,-0.89,0.86,-0.47000000000000003,-0.6,-0.03,1,30,10
0,"[(1, 37); (2, 2121)]",0.84,0,-0.73,0.63,-1,-0.6,0,3,30,10
0.9238552678254699,"[(0, 129); (2, 2029)]",0.6,-0.11,-0.88,1,-0.85,-0.75,0,3,20,6
0.3085732529265697,"[(0, 15); (1, 53); (2, 2090)]",0.77,-0.3,-0.66,0.84,0,-0.6,-0.06,1,30,10
-0.23764323560579304,"[(0, 35); (1, 692); (2, 1431)]",0.76,0,-0.88,0.68,-0.46,-0.84,-0.03,2,40,13
-0.10953867891204522,"[(0, 14); (1, 7); (2, 2137)]",0.92,-0.15,-0.6900000000000001,0.8300000000000001,-0.68,-0.96,0,4,40,13
0,"[(1, 343); (2, 1815)]",0.78,-0.21,-0.89,0.6,0,-0.66,-0.04,7,30,10
-9.365338063142957,"[(0, 710); (1, 1447); (2, 1)]",0.9,0,-0.6,0.89,0,-0.71,-0.1,1,10,3
0.15780996114447193,"[(0, 130); (1, 20); (2, 2008)]",0.72,0,-0.97,0.8,0,-0.9,-0.02,3,40,13
1.0702178077332387,"[(0, 860); (1, 76); (2, 1222)]",0.73,0,-0.87,0.86,-0.07,-0.9,-0.01,3,30,10
0.47544519333096835,"[(0, 2); (1, 1); (2, 2155)]",0.7000000000000001,0,-0.86,0.87,-0.14,-0.97,-0.02,3,30,10
-0.10627598439162823,"[(0, 5); (1, 139); (2, 2014)]",0.73,-0.01,-0.8200000000000001,0.86,-0.13,-0.93,-0.02,4,20,6
-0.5220574671869457,"[(0, 41); (1, 2117)]",0.75,-0.3,-0.67,1,0,-0.6,-0.06,1,30,10
0.9182617949627527,"[(0, 3); (1, 2); (2, 2153)]",0.6,-0.27,-0.79,0.72,-0.23,-0.85,-0.02,5,30,10
-0.8503172024019782,"[(0, 34); (1, 226); (2, 1898)]",1,-0.06,-0.79,0.8200000000000001,-0.8,-1,-0.1,7,50,16
0.032628591699184105,"[(0, 1); (1, 156); (2, 2001)]",1,-0.3,-1,0.6,-0.92,-0.9400000000000001,-0.09,7,10,3
0.8577435535146591,"[(0, 1); (2, 2157)]",1,-0.14,-0.84,0.81,-0.79,-0.93,-0.09,6,50,16
1.0068251152891095,"[(0, 1); (1, 1); (2, 2156)]",0.67,0,-0.9,0.84,-0.11,-0.9,-0.02,5,30,10
-0.0344930826534232,"[(0, 2); (1, 2); (2, 2154)]",0.8200000000000001,-0.23,-0.74,0.97,-0.13,-0.87,-0.03,2,20,6
0,"[(2, 2158)]",0.9400000000000001,-0.2,-0.91,0.8,-0.04,-0.78,0,1,50,16
0.7082882373719535,"[(0, 1974); (2, 184)]",0.86,-0.29,-0.89,0.81,-0.14,-1,-0.05,2,40,13
0.7779102790533381,"[(0, 2130); (2, 28)]",0.6,-0.1,-0.89,0.8300000000000001,-0.11,-0.77,-0.1,1,50,16
0,"[(2, 2158)]",0.86,-0.01,-0.72,0.76,-1,-0.86,0,3,40,13
-0.04288329194749911,"[(0, 8); (1, 70); (2, 2080)]",0.81,-0.01,-0.85,0.74,-0.16,-0.8300000000000001,-0.02,4,30,10
-0.6945228804540616,"[(0, 106); (1, 56); (2, 1996)]",0.8,-0.26,-0.6,1,-0.5700000000000001,-1,-0.01,1,30,10
-0.26734864005651715,"[(0, 71); (1, 353); (2, 1734)]",0.68,-0.22,-0.73,0.84,-0.46,-1,-0.03,4,40,13
-0.20789074139765873,"[(0, 17); (1, 60); (2, 2081)]",0.84,-0.06,-0.9,0.65,-0.22,-0.9,-0.04,4,10,3
0.8474111387016672,"[(0, 1044); (2, 1114)]",0.6900000000000001,-0.1,-0.8,0.78,0,-0.85,-0.06,2,20,6
-0.04568002837885775,"[(0, 3); (1, 33); (2, 2122)]",0.74,0,-0.86,0.8300000000000001,-0.08,-0.9,-0.01,6,20,6
0.12025966654842142,"[(0, 5); (1, 43); (2, 2110)]",0.8200000000000001,-0.24,-0.74,0.97,-0.11,-0.87,-0.02,3,30,10
0,"[(1, 73); (2, 2085)]",0.85,-0.04,-0.84,0.68,-0.37,-0.85,-0.03,4,40,13
-0.2051529494878135,"[(0, 19); (1, 99); (2, 2040)]",0.91,0,-0.6,0.77,-0.8300000000000001,-0.63,-0.01,4,40,13
0,"[(1, 2142); (2, 16)]",0.8300000000000001,-0.08,-0.76,0.87,-0.72,-0.88,-0.02,2,20,6
1.1485264278112806,"[(0, 2); (1, 106); (2, 2050)]",0.75,-0.06,-0.63,0.6,-0.9,-0.68,-0.08,3,20,6
0,"[(1, 12); (2, 2146)]",0.7000000000000001,-0.03,-0.93,0.7000000000000001,-0.11,-0.87,0,4,30,10
-0.9078714235252561,"[(0, 67); (1, 1654); (2, 437)]",0.74,-0.29,-0.93,0.75,-0.47000000000000003,-0.91,-0.09,3,50,16
-2.4275672224192975,"[(0, 157); (1, 326); (2, 1675)]",0.68,-0.25,-0.91,0.76,-0.26,-0.96,-0.01,3,10,3
0.8474111387016672,"[(0, 37); (2, 2121)]",0.8200000000000001,-0.15,-0.8,0.9,-0.67,-0.98,0,3,20,6
-0.19577155019510464,"[(0, 21); (1, 35); (2, 2102)]",0.73,-0.05,-0.86,0.8,-0.19,-0.78,-0.02,4,10,3
-6.295453706988294,"[(0, 582); (1, 1191); (2, 385)]",0.8200000000000001,-0.23,-0.74,0.97,-0.1,-0.87,-0.03,3,20,6
0,"[(1, 133); (2, 2025)]",1,-0.21,-0.8200000000000001,0.6,-0.34,-0.6,0,5,20,6
0.802663355799929,"[(0, 1213); (1, 1); (2, 944)]",0.75,-0.06,-0.63,0.6,-0.9,-0.68,-0.08,3,20,6
0.6423171337353671,"[(0, 971); (1, 432); (2, 755)]",0.6,-0.11,-0.88,1,-0.85,-0.75,0,3,20,6
-2.023680678205581,"[(0, 219); (1, 545); (2, 1394)]",1,-0.14,-0.84,0.81,-0.79,-0.93,-0.09,6,50,16
-4.76284214260376,"[(0, 629); (1, 1529)]",0.8200000000000001,-0.15,-0.8,0.9,-0.67,-0.98,0,3,20,6
0,"[(1, 26); (2, 2132)]",0.75,-0.06,-0.63,0.6,-0.9,-0.68,-0.08,3,20,6
0.7402029088329194,"[(0, 1); (2, 2157)]",0.73,0,-0.87,0.86,-0.07,-0.9,-0.01,3,30,10
0,"[(1, 2); (2, 2156)]",0.67,0,-0.9,0.84,-0.11,-0.9,-0.02,5,30,10
-0.023306136927988646,"[(0, 1); (1, 82); (2, 2075)]",0.6,-0.27,-0.79,0.72,-0.23,-0.85,-0.02,5,30,10
0,"[(2, 2158)]",0.86,-0.3,-0.89,0.86,-0.47000000000000003,-0.6,-0.03,1,30,10
0,"[(1, 1074); (2, 1084)]",0.6900000000000001,-0.1,-0.8,0.78,0,-0.85,-0.06,2,20,6
0,"[(1, 14); (2, 2144)]",0.73,0,-0.87,0.86,-0.07,-0.9,-0.01,3,30,10
-6.09688542036183,"[(0, 619); (1, 1539)]",0.9,-0.17,-0.6,1,0,-0.71,-0.1,1,10,3
0,"[(1, 60); (2, 2098)]",0.85,-0.06,-0.6,0.6,-1,-0.62,-0.06,2,30,10
-3.0410907806428824,"[(0, 185); (1, 493); (2, 1480)]",0.88,-0.15,-0.91,0.6,0,-0.86,-0.07,3,50,16
0.014915927633912736,"[(0, 4); (1, 12); (2, 2142)]",0.92,-0.3,-0.6,1,-0.9,-1,-0.05,2,30,10
0,"[(2, 2158)]",0.6,0,-0.68,0.78,-0.71,-0.81,-0.1,1,40,13
0,"[(1, 1); (2, 2157)]",0.9400000000000001,-0.01,-1,0.68,-0.02,-0.8,0,3,50,16
0,"[(1, 25); (2, 2133)]",0.63,-0.2,-0.8300000000000001,0.71,-0.16,-0.8300000000000001,-0.01,6,20,6
2.018311457963817,"[(0, 29); (1, 17); (2, 2112)]",0.86,0,-0.6,0.6,-1,-0.9400000000000001,-0.1,7,30,10
0,"[(1, 2158)]",0.86,-0.3,-0.89,0.86,-0.47000000000000003,-0.6,-0.03,1,30,10
-0.3384051081943951,"[(0, 22); (1, 22); (2, 2114)]",0.72,0,-0.86,0.85,-0.06,-0.89,-0.01,2,20,6
-1.8132174529975167,"[(0, 112); (1, 107); (2, 1939)]",0.74,-0.01,-0.7000000000000001,0.84,-0.88,-0.68,-0.03,3,10,3
-0.35891450869102515,"[(0, 2); (1, 40); (2, 2116)]",0.72,-0.01,-0.9500000000000001,0.63,-0.47000000000000003,-0.8300000000000001,-0.02,3,20,6
-1.5829528201489889,"[(0, 71); (1, 321); (2, 1766)]",0.6,0,-0.71,0.64,-1,-0.6,-0.05,5,10,3
0,"[(2, 2158)]",0.6,-0.15,-0.79,0.6,-0.22,-0.81,0,1,40,13
0.001864490954239092,"[(0, 1); (1, 44); (2, 2113)]",0.72,-0.04,-0.73,0.67,-0.49,-0.88,-0.05,3,20,6
-0.04641469445425645,"[(0, 6); (1, 68); (2, 2084)]",1,-0.14,-0.84,0.81,-0.79,-0.93,-0.09,6,50,16
-0.3443970328505829,"[(0, 39); (1, 244); (2, 1875)]",0.79,-0.03,-0.6,0.9,-1,-0.64,-0.1,5,50,16
0.3039120255409719,"[(0, 2); (1, 3); (2, 2153)]",0.67,-0.05,-0.77,0.8200000000000001,-0.68,-0.88,-0.05,3,20,6
-0.07271514721532457,"[(0, 2); (1, 668); (2, 1488)]",0.6900000000000001,0,-0.8300000000000001,0.9500000000000001,0,-0.6,-0.04,5,10,3
0.7082882373719535,"[(0, 1992); (2, 166)]",0.86,0,-0.72,0.76,-1,-0.86,0,2,40,13
-3.482030377958319,"[(0, 284); (1, 197); (2, 1677)]",0.84,-0.29,-0.72,0.9500000000000001,-0.79,-0.9,-0.04,1,40,13
0,"[(2, 2158)]",0.68,-0.22,-0.71,0.84,-0.47000000000000003,-0.99,-0.03,3,30,10
-0.08390209294075912,"[(0, 42); (1, 58); (2, 2058)]",0.77,-0.04,-0.72,0.63,-0.8,-0.78,-0.04,3,20,6
0.7779102790533381,"[(0, 2012); (2, 146)]",0.79,0,-0.9,0.89,0,-0.6,-0.01,1,50,16
-0.13890457609081233,"[(0, 2); (1, 383); (2, 1773)]",0.6,-0.18,-0.81,0.6,-1,-0.64,-0.1,3,20,6
0,"[(2, 2158)]",0.8,-0.26,-0.6,1,-0.5700000000000001,-1,-0.01,1,30,10
-4.4635913444483855,"[(0, 320); (1, 1139); (2, 699)]",0.62,-0.17,-0.81,0.96,-0.73,-0.8,-0.06,1,20,6
-0.0352751677852349,"[(0, 101); (1, 180); (2, 1877)]",0.9500000000000001,0,-0.88,0.62,-0.68,-0.9,-0.03,2,40,13
0,"[(1, 1); (2, 2157)]",0.73,0,-0.85,0.8200000000000001,-0.1,-0.9,0,5,20,6
0,"[(2, 2158)]",1,-0.02,-0.6,0.76,-1,-0.98,-0.1,2,50,16
0,"[(1, 1); (2, 2157)]",0.67,-0.21,-0.72,0.84,-0.45,-0.99,-0.03,4,40,13
0,"[(2, 2158)]",0.96,-0.11,-0.85,0.91,-0.5700000000000001,-0.87,0,2,40,13
-1.7414345512593117,"[(0, 74); (1, 655); (2, 1429)]",0.79,0,-0.84,0.68,-0.14,-0.9400000000000001,-0.04,4,30,10
0.02784881667255387,"[(0, 1); (1, 16); (2, 2141)]",0.6,-0.01,-1,0.9400000000000001,-0.47000000000000003,-0.81,-0.01,5,40,13
-2.480705214615112,"[(0, 163); (1, 1992); (2, 3)]",1,-0.17,-0.65,1,-0.24,-0.6,0,2,10,3
0,"[(2, 2158)]",0.81,-0.14,-0.79,0.89,-0.66,-0.98,0,3,20,6
-1.3890457609081233,"[(0, 210); (1, 101); (2, 1847)]",0.71,-0.04,-0.76,0.6900000000000001,-0.48,-0.72,-0.05,3,20,6
-7.713399077687122,"[(0, 778); (1, 1373); (2, 7)]",0.6,-0.11,-0.88,1,-0.85,-0.75,0,3,20,6
0,"[(2, 2158)]",0.74,-0.3,-0.7000000000000001,0.71,-0.85,-0.72,0,3,40,13
0,"[(2, 2158)]",0.75,-0.07,-0.9500000000000001,0.71,-0.66,-0.66,0,2,40,13
0.7779102790533381,"[(0, 773); (2, 1385)]",0.79,0,-0.9,0.89,0,-0.6,-0.01,1,50,16
0,"[(1, 9); (2, 2149)]",0.73,0,-0.85,0.8200000000000001,-0.1,-0.9,0,5,20,6
0,"[(1, 18); (2, 2140)]",0.63,-0.2,-0.8300000000000001,0.71,-0.16,-0.8300000000000001,-0.01,6,20,6
-0.05105616389968209,"[(0, 10); (1, 51); (2, 2097)]",0.9400000000000001,-0.01,-1,0.68,-0.02,-0.8,0,3,50,16
0,"[(2, 2158)]",0.79,0,-0.9,0.89,0,-0.6,-0.01,1,50,16
-3.814748492373182,"[(0, 491); (1, 666); (2, 1001)]",0.86,0,-0.6,0.6,-1,-0.9400000000000001,-0.1,7,30,10
-2.594581419992936,"[(0, 369); (1, 1789)]",0.86,0,-0.72,0.76,-1,-0.86,0,2,40,13
0.5658730046115643,"[(0, 75); (1, 19); (2, 2064)]",0.67,-0.05,-0.77,0.8200000000000001,-0.68,-0.88,-0.05,3,20,6
0,"[(1, 16); (2, 2142)]",0.6,-0.01,-1,0.9400000000000001,-0.47000000000000003,-0.81,-0.01,5,40,13
-0.17173436948074886,"[(0, 49); (1, 47); (2, 2062)]",0.67,-0.21,-0.72,0.84,-0.45,-0.99,-0.03,4,40,13
0,"[(1, 9); (2, 2149)]",0.67,-0.05,-0.77,0.8200000000000001,-0.68,-0.88,-0.05,3,20,6
0,"[(1, 93); (2, 2065)]",0.62,0,-0.9,0.78,0,-0.6,-0.01,1,30,10
-3.854835047889322,"[(0, 312); (1, 1778); (2, 68)]",0.74,0,-0.76,0.84,-0.85,-0.8300000000000001,-0.05,1,20,6
0.7961376374600923,"[(0, 182); (2, 1976)]",0.72,-0.2,-0.86,0.89,-0.51,-1,0,1,30,10
-0.06991841078396593,"[(0, 3); (1, 51); (2, 2104)]",0.99,0,-0.77,1,0,-0.74,0,3,10,3
0,"[(1, 13); (2, 2145)]",0.65,-0.12,-1,0.92,-0.23,-1,0,3,10,3
-0.7961376374600923,"[(0, 120); (1, 288); (2, 1750)]",0.63,-0.21,-0.7000000000000001,0.9400000000000001,-0.37,-0.75,-0.06,4,30,10
-0.9452969137992195,"[(0, 206); (1, 107); (2, 1845)]",0.63,0,-0.8200000000000001,0.81,-0.47000000000000003,-0.79,-0.01,3,10,3
-1.0291990067399786,"[(0, 134); (1, 416); (2, 1608)]",0.72,0,-0.86,0.84,-0.08,-0.88,0,2,10,3
-0.02970540445072413,"[(0, 1); (1, 2157)]",0.79,-0.07,-0.8300000000000001,0.6,-0.65,-0.61,-0.04,1,50,16
0.22000993260021282,"[(0, 1); (1, 3); (2, 2154)]",0.73,-0.02,-0.8200000000000001,0.74,-0.46,-0.9400000000000001,-0.04,3,20,6
-0.25543526073075556,"[(0, 46); (1, 231); (2, 1881)]",0.72,0,-0.71,0.61,-0.93,-0.89,-0.04,5,20,6
0.7639858707170611,"[(0, 31); (2, 2127)]",0.6,-0.14,-0.78,0.6,-0.23,-0.8,0,1,40,13
0,"[(2, 2158)]",1,-0.24,-1,0.86,-0.72,-1,-0.1,5,30,10
-4.934810314376545,"[(0, 368); (1, 1636); (2, 154)]",1,0,-0.92,0.9,0,-0.6,-0.08,2,50,16
0,"[(1, 6); (2, 2152)]",0.76,-0.05,-0.66,0.93,-0.5,-0.96,-0.02,1,30,10
0.12253479335923702,"[(0, 46); (1, 313); (2, 1799)]",1,-0.13,-0.8200000000000001,0.81,-0.75,-0.92,-0.08,5,50,16
1.159713373536715,"[(0, 29); (1, 22); (2, 2107)]",0.85,-0.21,-0.74,0.7000000000000001,-1,-1,-0.03,4,10,3
0,"[(1, 132); (2, 2026)]",0.6,-0.19,-0.6,0.8300000000000001,-0.05,-0.9400000000000001,-0.07,1,50,16
-9.276440833627694,"[(0, 799); (1, 1318); (2, 41)]",0.86,-0.01,-0.6900000000000001,0.8,-0.75,-0.6,0,2,50,16
0,"[(1, 1869); (2, 289)]",0.79,0,-0.91,0.89,-0.01,-0.6,0,1,40,13
-2.36044554806669,"[(0, 257); (1, 656); (2, 1245)]",0.77,-0.04,-0.72,0.63,-0.8,-0.78,-0.04,3,20,6
-0.5947726144022702,"[(0, 37); (1, 269); (2, 1852)]",0.86,0,-0.6,0.6,-1,-0.9400000000000001,-0.1,7,30,10
0.7082882373719535,"[(0, 507); (2, 1651)]",0.8300000000000001,-0.12,-1,0.76,-0.6900000000000001,-0.6,0,1,40,13
0,"[(1, 580); (2, 1578)]",0.75,0,-0.9,1,0,-0.88,0,1,50,16
-1.0044139879901095,"[(0, 62); (1, 710); (2, 1386)]",0.73,-0.08,-1,1,-0.1,-0.62,-0.02,2,50,16
0,"[(1, 259); (2, 1899)]",1,0,-0.65,0.65,0,-0.6,0,6,50,16
-5.354818020574672,"[(0, 446); (1, 1684); (2, 28)]",0.67,-0.2,-0.71,0.8300000000000001,-0.45,-0.99,-0.02,3,30,10
0.20043277758070235,"[(0, 1); (1, 46); (2, 2111)]",0.73,-0.03,-0.72,0.84,-0.21,-0.97,-0.03,4,30,10
-2.346461865909897,"[(0, 161); (1, 327); (2, 1670)]",0.86,0,-0.6,0.6,-0.97,-0.93,-0.1,7,30,10
0,"[(1, 2157); (2, 1)]",0.89,0,-0.73,0.86,-0.19,-0.97,-0.07,3,40,13
0,"[(1, 21); (2, 2137)]",0.6,-0.01,-1,0.9400000000000001,-0.47000000000000003,-0.81,-0.01,5,40,13
0,"[(1, 13); (2, 2145)]",0.68,-0.22,-0.72,0.8300000000000001,-0.43,-0.99,-0.02,3,40,13
-3.7000822986874775,"[(0, 285); (1, 1870); (2, 3)]",1,-0.16,-0.65,0.99,-0.2,-0.6,0,2,10,3
-0.21441645973749554,"[(0, 3); (1, 12); (2, 2143)]",0.8200000000000001,-0.11,-0.76,0.8300000000000001,-0.89,-0.96,-0.05,4,20,6
-9.310787707523843,"[(0, 905); (1, 1232); (2, 21)]",0.6,-0.05,-0.86,1,-0.15,-1,-0.07,4,40,13
-0.01118694572543455,"[(0, 1); (1, 103); (2, 2054)]",0.86,-0.1,-0.62,0.84,-0.5700000000000001,-0.92,-0.06,5,30,10
0,"[(1, 11); (2, 2147)]",0.74,-0.13,-0.66,0.68,-0.89,-0.7000000000000001,-0.01,2,30,10
-0.9050865418580007,"[(0, 87); (1, 429); (2, 1642)]",0.89,0,-0.79,0.63,-0.5,-0.84,-0.05,3,40,13
0,"[(1, 1); (2, 2157)]",0.75,-0.02,-0.92,0.73,-0.48,-0.8,0,3,30,10
0,"[(1, 2); (2, 2156)]",0.63,-0.2,-0.8300000000000001,0.71,-0.16,-0.8300000000000001,-0.01,6,20,6
-0.3822206456190138,"[(0, 32); (1, 184); (2, 1942)]",0.85,-0.21,-0.74,0.7000000000000001,-1,-1,-0.03,4,10,3
0,"[(1, 1); (2, 2157)]",0.8300000000000001,-0.12,-1,0.76,-0.6900000000000001,-0.6,0,1,40,13
0.2654920522783469,"[(0, 25); (1, 144); (2, 1989)]",1,-0.13,-0.8200000000000001,0.81,-0.75,-0.92,-0.08,5,50,16
-0.026920522783468737,"[(0, 91); (1, 14); (2, 2053)]",1,-0.13,-0.8200000000000001,0.81,-0.75,-0.92,-0.08,5,50,16
-4.334941468605889,"[(0, 1419); (1, 355); (2, 384)]",0.72,-0.2,-0.86,0.89,-0.51,-1,0,1,30,10
0.31376333451077354,"[(0, 4); (1, 47); (2, 2107)]",0.6,-0.14,-0.78,0.6,-0.23,-0.8,0,1,40,13
0.6945228804540616,"[(0, 23); (2, 2135)]",0.73,-0.02,-0.8200000000000001,0.74,-0.46,-0.9400000000000001,-0.04,3,20,6
-3.4082894643490595,"[(0, 611); (1, 1281); (2, 266)]",0.73,-0.03,-0.72,0.84,-0.21,-0.97,-0.03,4,30,10
0,"[(2, 2158)]",0.62,0,-0.9,0.78,0,-0.6,-0.01,1,30,10
0.8781660190745321,"[(0, 823); (2, 1335)]",0.6,-0.19,-0.6,0.8300000000000001,-0.05,-0.9400000000000001,-0.07,1,50,16
-0.15038361003179088,"[(0, 12); (1, 43); (2, 2103)]",0.6,-0.19,-0.6,0.8300000000000001,-0.05,-0.9400000000000001,-0.07,1,50,16
-0.040086555516140474,"[(0, 60); (1, 49); (2, 2049)]",0.76,-0.16,-0.6,0.6,-1,-0.9,-0.02,3,10,3
0.3691692089393402,"[(0, 37); (1, 101); (2, 2020)]",0.64,-0.1,-0.75,0.77,-0.41000000000000003,-0.62,-0.01,3,30,10
-0.07085065626108548,"[(0, 1); (1, 194); (2, 1963)]",1,-0.07,-0.8,0.75,-0.77,-0.64,-0.05,2,20,6
-6.306640652713728,"[(0, 427); (1, 1335); (2, 396)]",1,-0.26,-1,0.86,-0.14,-1,-0.09,4,30,10
0,"[(1, 235); (2, 1923)]",0.8,0,-0.73,0.6,0,-0.6,0,4,30,10
0,"[(1, 747); (2, 1411)]",0.6,0,-0.7000000000000001,0.6900000000000001,-0.65,-0.61,0,1,50,16
-0.16616460614623807,"[(0, 26); (1, 1767); (2, 365)]",0.87,-0.05,-0.6,0.93,-1,-1,-0.1,5,40,13
-0.15409678558813142,"[(0, 51); (1, 78); (2, 2029)]",0.9400000000000001,0,-0.66,0.85,-0.8,-1,-0.07,5,50,16
-0.09788577509755232,"[(0, 58); (1, 93); (2, 2007)]",0.6,-0.22,-0.6,0.78,-0.45,-1,0,3,10,3
0.6842681802057468,"[(0, 1); (2, 2157)]",0.6,-0.2,-0.8300000000000001,0.85,-0.13,-0.96,-0.05,1,10,3
-3.651605533877261,"[(0, 297); (1, 311); (2, 1550)]",0.62,0,-0.9,0.78,0,-0.6,-0.01,1,20,6
0,"[(1, 6); (2, 2152)]",0.79,-0.07,-0.8300000000000001,0.6,-0.65,-0.61,-0.04,1,50,16
0,"[(2, 2158)]",1,-0.09,-0.6,0.75,-1,-0.85,0,2,50,16
-2.2840014189428874,"[(0, 863); (1, 593); (2, 702)]",0.74,-0.01,-0.65,0.6,-0.9,-0.77,-0.04,3,20,6
-1.7945725434551258,"[(0, 144); (1, 327); (2, 1687)]",0.85,-0.21,-0.74,0.7000000000000001,-1,-1,-0.03,4,10,3
0.5226294595549277,"[(0, 1); (1, 20); (2, 2137)]",0.75,-0.02,-0.85,0.63,-0.15,-0.9400000000000001,0,4,40,13
-0.27663157894736845,"[(0, 126); (1, 96); (2, 1936)]",0.97,0,-0.78,0.6,-0.4,-0.81,-0.1,4,50,16
-0.8122571529494877,"[(0, 7); (1, 19); (2, 2132)]",0.96,-0.1,-0.75,0.76,-0.93,-0.92,-0.09,5,40,13
0.5052770485987939,"[(0, 797); (1, 1361)]",0.72,-0.2,-0.86,0.89,-0.51,-1,0,1,30,10
0,"[(2, 2158)]",0.61,0,-0.9,0.77,-0.02,-0.6,-0.01,1,20,6
0,"[(1, 187); (2, 1971)]",0.86,0,-0.6,0.6,-0.98,-0.93,-0.09,6,20,6
0.2822013422818792,"[(0, 5); (1, 92); (2, 2061)]",0.72,-0.18,-0.8300000000000001,0.6,-0.81,-1,-0.1,5,50,16
-0.8399531748847109,"[(0, 19); (1, 143); (2, 1996)]",0.76,-0.04,-0.72,0.62,-0.79,-0.77,-0.03,3,20,6
0,"[(2, 2158)]",1,-0.05,-0.6,0.91,-1,-1,-0.07,2,30,10
-0.8837357824090428,"[(0, 61); (1, 1850); (2, 247)]",0.78,-0.03,-0.89,0.88,-0.06,-0.65,-0.02,4,40,13
0.7569833274210712,"[(0, 95); (2, 2063)]",0.6900000000000001,-0.09,-0.6,1,-0.29,-1,-0.1,1,30,10
-0.49756552454962916,"[(0, 248); (1, 255); (2, 1655)]",0.85,-0.2,-0.68,0.61,-1,-0.9500000000000001,0,3,40,13
0.9087997174143413,"[(0, 85); (2, 2073)]",0.75,0,-0.9,1,0,-0.88,0,1,50,16
-2.3800227030862007,"[(0, 310); (1, 455); (2, 1393)]",0.86,0,-0.6,0.6,-0.93,-0.85,-0.04,6,30,10
0.7844083362769341,"[(0, 9); (1, 83); (2, 2066)]",0.8300000000000001,-0.12,-1,0.76,-0.6900000000000001,-0.6,0,1,40,13
-0.9042781128059595,"[(0, 68); (1, 879); (2, 1211)]",0.73,-0.1,-0.97,0.9,-0.21,-0.98,-0.01,3,10,3
-0.024238382405108193,"[(0, 5); (1, 164); (2, 1989)]",0.73,-0.05,-0.6900000000000001,0.63,-0.51,-0.76,-0.03,3,20,6
-0.02970540445072413,"[(0, 1); (1, 80); (2, 2077)]",0.89,0,-0.73,0.86,-0.19,-0.97,-0.07,3,40,13
0,"[(1, 3); (2, 2155)]",0.75,-0.19,-0.86,0.79,-0.47000000000000003,-0.9500000000000001,0,1,50,16
0,"[(2, 2158)]",0.74,-0.19,-0.6,0.75,-0.44,-0.99,-0.05,1,30,10
0,"[(1, 126); (2, 2032)]",0.78,-0.2,-0.64,1,-0.49,-0.98,-0.04,5,20,6
-1.6588611797951254,"[(0, 165); (1, 1993)]",0.65,-0.16,-0.61,1,-0.38,-0.71,-0.08,1,50,16
-0.11789332391381137,"[(0, 605); (1, 57); (2, 1496)]",0.6,-0.3,-0.6,0.85,-0.23,-0.86,-0.05,1,50,16
0.46878841398799015,"[(0, 31); (1, 47); (2, 2080)]",0.99,-0.09,-0.63,0.7000000000000001,-1,-1,-0.04,7,50,16
-3.5854161050017734,"[(0, 568); (1, 440); (2, 1150)]",0.8200000000000001,-0.07,-0.6,0.8,-0.92,-0.9500000000000001,-0.09,5,20,6
-0.7075743171337353,"[(0, 80); (1, 1795); (2, 283)]",0.74,-0.02,-0.91,0.72,-0.48,-0.8,0,2,20,6
0,"[(1, 287); (2, 1871)]",0.8300000000000001,-0.11,-0.74,0.65,-0.86,-0.88,-0.09,6,20,6
-0.6210286117979513,"[(0, 432); (1, 225); (2, 1501)]",0.8300000000000001,-0.12,-1,0.76,-0.6900000000000001,-0.6,0,1,40,13
0.7802894643490599,"[(0, 45); (2, 2113)]",0.72,-0.2,-0.86,0.89,-0.51,-1,0,1,30,10
0.151311903920876,"[(0, 6); (1, 57); (2, 2095)]",0.99,-0.09,-0.63,0.7000000000000001,-1,-1,-0.04,7,50,16
0,"[(1, 58); (2, 2100)]",0.64,-0.1,-0.75,0.77,-0.41000000000000003,-0.62,-0.01,3,30,10
-3.27409254680325,"[(0, 1336); (1, 315); (2, 507)]",0.72,-0.18,-0.8300000000000001,0.6,-0.81,-1,-0.1,5,50,16
-2.5720652713728267,"[(0, 182); (1, 1522); (2, 454)]",0.72,-0.2,-0.86,0.89,-0.51,-1,0,1,30,10
0,"[(2, 2158)]",0.75,0,-0.9,1,0,-0.88,0,1,50,16
-1.3554849237318198,"[(0, 1540); (1, 565); (2, 53)]",0.6900000000000001,-0.09,-0.6,1,-0.29,-1,-0.1,1,30,10
-1.470151117417524,"[(0, 110); (1, 2048)]",0.6,-0.2,-0.8300000000000001,0.85,-0.13,-0.96,-0.05,1,10,3
0,"[(2, 2158)]",0.75,-0.02,-0.85,0.63,-0.15,-0.9400000000000001,0,4,40,13
-0.10768209113387495,"[(0, 11); (1, 2147)]",0.75,0,-0.9,1,0,-0.88,0,1,50,16
0.7765604824405817,"[(0, 2153); (1, 4); (2, 1)]",0.8200000000000001,-0.18,-0.87,0.8,-0.88,-1,0,2,20,6
-0.6833359347286272,"[(0, 107); (1, 117); (2, 1934)]",0.74,-0.01,-0.81,0.66,-0.39,-0.76,-0.04,3,20,6
-2.6901956905687037,"[(0, 226); (1, 467); (2, 1465)]",0.76,-0.04,-0.9,0.64,-0.06,-0.9400000000000001,0,4,40,13
0.17992337708407236,"[(0, 81); (1, 101); (2, 1976)]",0.71,-0.08,-0.61,0.6,-0.32,-0.6,0,5,10,3
0.7066420716566159,"[(0, 1); (1, 2); (2, 2155)]",0.6900000000000001,-0.11,-0.77,0.6900000000000001,-0.38,-0.65,-0.02,5,20,6
-0.11325185446838575,"[(0, 10); (1, 158); (2, 1990)]",0.8,-0.18,-0.8300000000000001,0.6,-1,-1,-0.1,6,50,16
-0.9303809861653067,"[(0, 103); (1, 73); (2, 1982)]",1,-0.25,-0.63,0.75,-1,-1,0,4,10,3
-0.8502078751330259,"[(0, 66); (1, 92); (2, 2000)]",0.78,-0.18,-0.6,0.68,-0.8,-0.9500000000000001,-0.06,5,20,6
-0.07983327446132109,"[(0, 41); (1, 168); (2, 1949)]",0.86,0,-0.71,0.76,-1,-0.85,0,1,40,13
-1.8439815537424618,"[(0, 2006); (1, 149); (2, 3)]",0.6,-0.2,-0.8300000000000001,0.85,-0.13,-0.96,-0.05,1,10,3
-0.10396891557753445,"[(0, 3); (1, 2155)]",0.79,0,-1,0.9400000000000001,0,-0.79,0,1,50,16
0,"[(2, 2158)]",0.99,-0.09,-0.6,0.75,-1,-0.84,0,2,40,13
-0.365440227030862,"[(0, 5); (1, 33); (2, 2120)]",0.99,0,-0.6,0.98,-0.05,-0.8,-0.06,2,20,6
-0.38524196397032856,"[(0, 14); (1, 99); (2, 2045)]",0.76,0,-0.96,1,-0.61,-0.6,0,2,50,16
0.11280170273146505,"[(0, 26); (1, 31); (2, 2101)]",0.67,-0.06,-0.6,0.76,-0.52,-0.85,-0.04,6,20,6
1.0068251152891095,"[(0, 1); (2, 2157)]",1,0,-0.63,0.72,-1,-0.86,-0.03,5,30,10
-2.6718155374246186,"[(0, 232); (1, 387); (2, 1539)]",0.74,-0.06,-0.73,0.68,-0.72,-0.6900000000000001,-0.03,1,20,6
0.6022305782192267,"[(0, 18); (1, 11); (2, 2129)]",0.78,-0.01,-0.67,0.71,-0.78,-0.96,-0.05,5,30,10
-7.959511883646683,"[(0, 1253); (1, 904); (2, 1)]",0.89,0,-0.76,0.89,-0.73,-0.97,-0.03,2,30,10
0.1789911316069528,"[(0, 11); (1, 39); (2, 2108)]",0.78,-0.3,-0.75,0.72,-1,-0.99,-0.04,2,20,6
0,"[(1, 19); (2, 2139)]",0.76,-0.11,-0.8300000000000001,1,-0.73,-0.86,-0.01,1,20,6
-0.3085732529265697,"[(0, 13); (1, 45); (2, 2100)]",0.8300000000000001,-0.05,-1,0.8,0,-0.84,0,5,10,3
0.052205746718694566,"[(0, 2); (1, 230); (2, 1926)]",0.85,0,-0.6,0.6,-1,-0.9400000000000001,-0.1,7,30,10
0.7989343738914508,"[(0, 2040); (1, 1); (2, 117)]",0.85,-0.07,-0.79,0.88,-0.25,-0.6,0,2,20,6
0,"[(1, 2158)]",0.6,-0.02,-0.8,0.6,-0.46,-0.84,-0.04,1,20,6
0.7779102790533381,"[(0, 2138); (2, 20)]",0.75,0,-0.9,1,0,-0.88,0,1,50,16
0.2812730483927941,"[(0, 5); (1, 10); (2, 2143)]",0.85,-0.2,-0.68,0.61,-1,-0.9500000000000001,0,3,40,13
-0.32162468960624335,"[(0, 23); (1, 472); (2, 1663)]",0.7000000000000001,-0.07,-0.8,0.88,-0.17,-0.98,-0.06,3,30,10
-3.245315436241611,"[(0, 773); (1, 1385)]",0.8300000000000001,-0.12,-1,0.76,-0.6900000000000001,-0.6,0,1,40,13
-1.3359077687123093,"[(0, 24); (1, 1217); (2, 917)]",0.72,-0.04,-0.6900000000000001,0.63,-0.5,-0.76,-0.03,2,10,3
0.6962204168138467,"[(0, 2156); (1, 2)]",0.86,0,-0.72,0.76,-0.99,-0.85,0,1,40,13
0.12717626280466268,"[(0, 4); (1, 138); (2, 2016)]",0.89,0,-0.73,0.86,-0.19,-0.97,-0.07,3,40,13
0,"[(2, 2158)]",0.88,-0.04,-1,1,0,-0.9400000000000001,-0.03,1,10,3
-0.5838968562345461,"[(0, 94); (1, 289); (2, 1775)]",0.6,-0.2,-0.6900000000000001,0.68,-0.84,-0.71,-0.08,4,40,13
0.009322454771195459,"[(0, 46); (1, 89); (2, 2023)]",0.73,-0.3,-0.6,0.74,-0.61,-0.9400000000000001,-0.03,4,20,6
0.44561333806314296,"[(0, 49); (1, 73); (2, 2036)]",0.84,-0.1,-0.6,0.62,-0.58,-0.97,-0.08,2,20,6
0,"[(1, 2158)]",0.63,0,-1,0.76,-0.74,-0.84,-0.06,1,40,13
0,"[(1, 2); (2, 2156)]",0.79,0,-0.72,0.6,0,-0.6,0,3,30,10
-0.05779921958141184,"[(0, 1); (1, 3); (2, 2154)]",0.72,0,-0.87,0.86,-0.06,-0.9,-0.01,3,20,6
-1.0963206810925858,"[(0, 7); (1, 4); (2, 2147)]",0.81,0,-0.6,0.67,-0.4,-0.79,0,5,10,3
0,"[(1, 9); (2, 2149)]",0.78,-0.02,-0.84,0.72,-0.34,-0.91,-0.05,5,20,6
-1.1634423554451931,"[(0, 43); (1, 1252); (2, 863)]",0.85,-0.07,-0.79,0.88,-0.25,-0.6,0,2,20,6
0,"[(1, 1636); (2, 522)]",0.75,0,-0.9,1,0,-0.88,0,1,50,16
0,"[(1, 100); (2, 2058)]",0.6900000000000001,-0.11,-0.77,0.6900000000000001,-0.38,-0.65,-0.02,5,20,6
0.7974044507241258,"[(0, 1); (2, 2157)]",0.75,0,-0.9,1,0,-0.88,0,1,50,16
-0.4884966300106421,"[(0, 4); (1, 4); (2, 2150)]",1,0,-0.63,0.72,-1,-0.86,-0.03,5,30,10
-9.635689251507626,"[(0, 1433); (1, 725)]",0.8200000000000001,-0.18,-0.87,0.8,-0.88,-1,0,2,20,6
0.3397555634051572,"[(0, 138); (1, 481); (2, 1539)]",0.86,0,-0.72,0.76,-0.99,-0.85,0,1,40,13
0.17619439517559418,"[(0, 17); (1, 68); (2, 2073)]",0.78,-0.01,-0.67,0.71,-0.78,-0.96,-0.05,5,30,10
0.2759446612273856,"[(0, 2); (2, 2156)]",0.84,-0.1,-0.6,0.62,-0.58,-0.97,-0.08,2,20,6
0,"[(2, 2158)]",0.85,-0.2,-0.68,0.61,-1,-0.9500000000000001,0,3,40,13
0.8336079123984459,"[(0, 18); (1, 4); (2, 2136)]",0.86,0,-0.72,0.76,-0.99,-0.85,0,1,40,13
-6.652503724725079,"[(0, 404); (1, 1046); (2, 708)]",0.61,-0.24,-0.6,0.6,-0.37,-0.64,-0.03,3,10,3
-0.12439138113740729,"[(0, 1); (1, 8); (2, 2149)]",0.88,-0.05,-0.6,0.6,-1,-0.8300000000000001,0,2,50,16
0,"[(1, 20); (2, 2138)]",0.63,-0.09,-1,0.6,-0.53,-0.75,0,4,10,3
0.19950053210358282,"[(0, 2); (1, 3); (2, 2153)]",0.91,-0.14,-0.6,0.7000000000000001,-1,-0.99,-0.04,3,20,6
-5.086331323164242,"[(0, 437); (1, 1273); (2, 448)]",0.66,-0.14,-0.6,0.68,-1,-0.6,-0.03,4,10,3
0,"[(1, 1); (2, 2157)]",0.8,-0.1,-1,0.84,0,-0.84,0,5,10,3
0,"[(2, 2158)]",0.71,-0.14,-0.86,0.8,-0.44,-0.6,0,2,20,6
-0.01584817311103228,"[(0, 1); (1, 251); (2, 1906)]",0.99,-0.12,-0.9,0.92,-0.8,-1,0,4,10,3
0,"[(1, 20); (2, 2138)]",0.78,0,-0.9400000000000001,1,-1,-0.67,0,2,30,10
0,"[(1, 1465); (2, 693)]",0.87,-0.01,-0.85,0.93,-0.9500000000000001,-0.64,-0.02,1,30,10
0,"[(2, 2158)]",0.86,0,-0.71,0.76,-1,-0.85,0,1,40,13
0.036357573607662286,"[(0, 130); (1, 102); (2, 1926)]",0.88,-0.05,-0.84,0.77,-0.48,-0.84,0,4,30,10
-0.7355416814473217,"[(0, 746); (1, 118); (2, 1294)]",0.7000000000000001,-0.07,-0.6,0.6,-0.3,-0.6,0,5,10,3
0,"[(2, 2158)]",0.68,-0.01,-0.6,0.6,-1,-0.76,-0.02,6,20,6
-1.7432990422135508,"[(0, 223); (1, 551); (2, 1384)]",0.72,-0.08,-0.64,0.63,-0.5700000000000001,-0.67,-0.06,3,10,3
-0.6665150123631226,"[(0, 17); (1, 174); (2, 1967)]",0.75,-0.04,-0.73,0.81,-0.67,-0.64,-0.01,2,40,13
-0.4316296559063498,"[(0, 44); (1, 141); (2, 1973)]",0.67,-0.06,-0.6,0.76,-0.52,-0.85,-0.04,6,20,6
0.44561333806314296,"[(0, 37); (1, 17); (2, 2104)]",1,0,-0.63,0.72,-1,-0.86,-0.03,5,30,10
-9.348847756976335,"[(0, 702); (1, 1456)]",0.75,0,-0.89,1,0,-0.88,0,1,40,13
0.7905441645973749,"[(0, 20); (1, 6); (2, 2132)]",0.86,0,-0.6,0.97,-0.16,-0.9,-0.07,5,20,6
0,"[(2, 2158)]",0.9500000000000001,0,-0.99,0.6,-1,-1,0,1,50,16
-0.8278339836821568,"[(0, 237); (1, 370); (2, 1551)]",0.76,0,-0.8,0.8300000000000001,-0.19,-0.96,-0.03,4,30,10
0.4148492373181979,"[(0, 27); (1, 89); (2, 2042)]",0.76,-0.18,-0.64,0.67,-0.98,-0.98,-0.05,2,10,3
0,"[(1, 1251); (2, 907)]",0.75,-0.07,-0.76,0.62,-0.76,-0.85,-0.07,1,20,6
0,"[(1, 141); (2, 2017)]",0.9,0,-1,1,0,-0.6,0,2,10,3
-0.20789074139765873,"[(0, 39); (1, 373); (2, 1746)]",0.85,0,-0.6,0.6,-1,-0.9400000000000001,-0.1,7,30,10
0,"[(1, 70); (2, 2088)]",0.85,-0.07,-0.79,0.88,-0.25,-0.6,0,2,20,6
-1.0341193924408336,"[(0, 53); (1, 255); (2, 1850)]",0.75,0,-0.9,1,0,-0.88,0,1,50,16
-4.875643845335225,"[(0, 425); (1, 1164); (2, 569)]",0.85,-0.2,-0.67,0.6,-1,-0.9500000000000001,0,3,30,10
0.02889960979070592,"[(0, 4); (1, 2148); (2, 6)]",0.6,-0.01,-0.71,0.6,-0.99,-0.92,-0.07,1,20,6
0.7082882373719535,"[(0, 43); (2, 2115)]",0.7000000000000001,0,-0.6,1,0,-1,-0.02,1,40,13
0.12212415750266052,"[(0, 190); (1, 118); (2, 1850)]",0.8200000000000001,-0.18,-0.87,0.8,-0.88,-1,0,2,20,6
0,"[(1, 2158)]",0.9,-0.21,-0.87,0.77,-0.46,-0.99,-0.06,1,50,16
0.8698113740727659,"[(0, 1); (1, 13); (2, 2144)]",0.84,-0.04,-0.79,0.86,-0.06,-1,-0.1,1,40,13
0.7082882373719535,"[(0, 1060); (2, 1098)]",0.86,0,-0.72,0.76,-0.99,-0.85,0,1,40,13
0.7159645264278112,"[(0, 139); (2, 2019)]",0.85,0,-0.6,0.6,-0.99,-0.9400000000000001,-0.1,7,30,10
0,"[(1, 2158)]",0.75,0,-0.9,1,0,-0.88,0,1,50,16
-1.8010982617949627,"[(0, 351); (1, 189); (2, 1618)]",0.73,-0.3,-0.6,0.74,-0.59,-0.9500000000000001,-0.02,4,10,3
1.584597668668315,"[(0, 4); (1, 15); (2, 2139)]",0.86,0,-0.72,0.6,-0.44,-0.99,-0.05,2,40,13
0.8233966796185094,"[(0, 98); (1, 32); (2, 2028)]",0.6,-0.01,-0.6,0.85,0,-0.8200000000000001,0,1,50,16
0.802663355799929,"[(0, 49); (1, 38); (2, 2071)]",0.96,-0.06,-0.88,0.7000000000000001,-0.98,-0.89,0,1,30,10
-3.1425995033699894,"[(0, 263); (1, 352); (2, 1543)]",0.8,-0.02,-0.6,0.62,-0.93,-0.92,-0.04,3,30,10
0,"[(2, 2158)]",0.92,-0.04,-0.72,0.81,-0.78,-0.6900000000000001,-0.05,3,40,13
-1.664430943129636,"[(0, 378); (1, 396); (2, 1384)]",0.85,0,-0.85,0.9500000000000001,0,-0.84,0,3,50,16
0.741706817379018,"[(0, 6); (1, 6); (2, 2146)]",0.84,-0.04,-0.79,0.86,-0.06,-1,-0.1,1,40,13
0.9895612857647474,"[(0, 1); (2, 2157)]",0.6,-0.01,-0.6,0.85,0,-0.8200000000000001,0,1,50,16
1.1242880454061723,"[(0, 76); (1, 17); (2, 2065)]",0.86,0,-0.6,0.97,-0.16,-0.9,-0.07,5,20,6
-8.994239491345814,"[(0, 670); (1, 1488)]",0.7000000000000001,0,-0.6,1,0,-1,-0.02,1,40,13
-1.0748790351188364,"[(0, 46); (1, 157); (2, 1955)]",0.86,0,-0.6,0.97,-0.16,-0.9,-0.07,5,20,6
0.8614567290709996,"[(0, 30); (1, 2); (2, 2126)]",0.86,0,-0.72,0.6,-0.44,-0.99,-0.05,2,40,13
-3.5882128414331325,"[(0, 311); (1, 1622); (2, 225)]",0.96,-0.06,-0.88,0.7000000000000001,-0.98,-0.89,0,1,30,10
-2.9878467541681446,"[(0, 298); (1, 1518); (2, 342)]",0.85,0,-0.6,0.6,-0.99,-0.9400000000000001,-0.1,7,30,10
0,"[(2, 2158)]",0.86,0,-0.72,0.76,-0.99,-0.85,0,1,40,13
-7.603394111387016,"[(0, 705); (1, 1114); (2, 339)]",1,0,-0.63,0.72,-1,-0.86,-0.03,5,30,10
0.7379936418226776,"[(0, 7); (1, 1); (2, 2150)]",0.86,0,-0.72,0.6,-0.44,-0.99,-0.05,2,40,13
0.498751330258957,"[(0, 6); (1, 31); (2, 2121)]",0.8200000000000001,0,-0.85,0.76,-0.67,-0.88,-0.02,1,30,10
0.8474111387016672,"[(0, 2158)]",0.8,-0.14,-0.9,0.84,-0.7000000000000001,-0.88,0,1,20,6
-9.64780844271018,"[(0, 1142); (1, 895); (2, 121)]",0.96,-0.1,-1,0.71,-0.98,-0.96,-0.04,1,30,10
-0.5300558106676087,"[(0, 2084); (1, 74)]",0.67,0,-0.76,1,-0.01,-0.84,0,1,50,16
0,"[(1, 83); (2, 2075)]",0.8200000000000001,-0.06,-0.8,1,-0.48,-0.75,-0.04,2,20,6
-0.013924408336276934,"[(0, 3); (1, 24); (2, 2131)]",0.87,0,-1,1,-0.28,-1,0,1,50,16
0,"[(2, 2158)]",0.86,-0.18,-0.96,0.73,-0.22,-1,0,2,30,10
-1.3051436679673643,"[(0, 95); (1, 805); (2, 1258)]",0.87,0,-0.84,0.92,-0.93,-0.64,-0.01,1,20,6
0,"[(2, 2158)]",0.87,-0.05,-0.8200000000000001,0.76,-0.48,-0.84,0,3,20,6
0.7287107029318263,"[(0, 7); (1, 31); (2, 2120)]",0.72,-0.01,-0.71,0.74,-0.99,-0.8300000000000001,-0.05,4,40,13
-1.5158311457963816,"[(0, 106); (1, 113); (2, 1939)]",0.87,0,-0.7000000000000001,0.6,-0.78,-0.91,-0.02,4,30,10
-0.023306136927988646,"[(0, 1); (1, 41); (2, 2116)]",0.79,0,-0.85,0.74,-0.99,-0.85,0,5,20,6
-9.375592763391273,"[(0, 1039); (1, 899); (2, 220)]",0.71,-0.07,-0.63,0.63,-0.5700000000000001,-0.67,-0.06,2,10,3
-0.2526385242993969,"[(0, 50); (1, 134); (2, 1974)]",0.66,-0.06,-0.6,0.76,-0.51,-0.84,-0.04,5,20,6
-4.8430152536360405,"[(0, 455); (1, 1166); (2, 537)]",0.9400000000000001,-0.01,-0.67,0.66,-0.9500000000000001,-0.73,-0.07,3,20,6
-1.7544859879389854,"[(0, 131); (1, 691); (2, 1336)]",0.86,0,-0.6,0.97,-0.16,-0.9,-0.07,5,20,6
-0.2330613692798865,"[(0, 2); (1, 229); (2, 1927)]",0.93,0,-0.6,0.67,0,-0.7000000000000001,-0.06,7,30,10
-1.5876140475345868,"[(0, 93); (1, 217); (2, 1848)]",0.8300000000000001,0,-0.64,1,-0.38,-0.8200000000000001,-0.07,6,10,3
-3.8399191202554093,"[(0, 404); (1, 502); (2, 1252)]",0.8200000000000001,-0.04,-0.6,0.6,-0.92,-0.91,-0.09,6,20,6
-5.143198297268534,"[(0, 647); (1, 399); (2, 1112)]",0.89,0,-0.91,0.62,-0.9400000000000001,-0.9400000000000001,0,2,30,10
-2.1973025895707696,"[(0, 197); (1, 641); (2, 1320)]",0.75,0,-0.7000000000000001,0.9400000000000001,0,-0.74,-0.1,6,10,3
-0.38967860943597016,"[(0, 30); (1, 2127); (2, 1)]",0.75,-0.18,-0.64,0.66,-0.97,-0.97,-0.05,2,10,3
-0.5360411493437389,"[(0, 2); (1, 69); (2, 2087)]",1,-0.04,-0.68,0.73,-0.99,-0.84,-0.05,1,30,10
0,"[(1, 1); (2, 2157)]",0.75,0,-0.9,1,0,-0.88,0,1,50,16
-0.9005491308974813,"[(0, 90); (1, 1372); (2, 696)]",0.85,-0.07,-0.79,0.88,-0.25,-0.6,0,2,20,6
-0.01957715501951046,"[(0, 1); (1, 2157)]",0.8,-0.02,-0.71,0.62,-0.99,-0.91,-0.04,2,20,6
0,"[(2, 2158)]",0.7000000000000001,0,-0.6,1,0,-1,-0.02,1,40,13
1.1269487813493466,"[(0, 1); (1, 1); (2, 2156)]",0.84,-0.06,-0.81,0.8300000000000001,-0.32,-0.98,-0.05,2,40,13
0.31789570769776515,"[(0, 1191); (1, 44); (2, 923)]",0.8,-0.04,-0.7000000000000001,0.67,-0.9500000000000001,-0.9500000000000001,-0.09,5,30,10
-5.764073785030152,"[(0, 516); (1, 733); (2, 909)]",0.61,0,-0.6,0.86,-0.39,-0.92,-0.08,7,10,3
0.7082882373719535,"[(0, 2158)]",0.84,-0.04,-0.79,0.86,-0.06,-1,-0.1,1,40,13
-3.205992195814118,"[(0, 292); (1, 643); (2, 1223)]",0.84,0,-0.6,0.6,-1,-0.93,-0.1,6,30,10
0.8474111387016672,"[(0, 2158)]",0.84,-0.05,-0.66,0.68,-0.92,-0.76,-0.02,1,20,6
0,"[(1, 66); (2, 2092)]",0.7000000000000001,-0.14,-0.86,0.81,-0.44,-0.6,0,2,20,6
-0.8352919474991131,"[(0, 44); (1, 120); (2, 1994)]",0.84,0,-0.6,0.6,-1,-0.93,-0.09,7,20,6
-0.4353586378148279,"[(0, 51); (1, 593); (2, 1514)]",0.86,-0.06,-0.63,1,-0.34,-1,-0.1,3,10,3
-8.319358637814828,"[(0, 639); (1, 1519)]",0.6,0,-0.6,1,0,-0.63,0,1,30,10
0,"[(2, 2158)]",0.86,0,-0.72,0.6,-0.44,-0.99,-0.05,2,40,13
-2.498417878680383,"[(0, 516); (1, 1491); (2, 151)]",0.96,-0.06,-0.88,0.7000000000000001,-0.98,-0.89,0,1,30,10
-0.22187442355445194,"[(0, 5); (1, 62); (2, 2091)]",0.77,-0.05,-0.81,0.68,-0.99,-0.84,-0.09,6,20,6
-5.632887318968563,"[(0, 396); (1, 1128); (2, 634)]",0.68,0,-0.63,0.86,-0.02,-0.9500000000000001,-0.02,3,40,13
-1.5938806075591663,"[(0, 1961); (1, 180); (2, 17)]",0.92,-0.04,-0.72,0.81,-0.78,-0.67,-0.05,2,40,13
-0.2831296361709643,"[(0, 23); (1, 109); (2, 2026)]",0.6,-0.13,-0.6,0.61,-0.05,-0.88,-0.1,4,50,16
-1.591095725891911,"[(0, 126); (1, 1101); (2, 931)]",0.84,-0.06,-0.81,0.8300000000000001,-0.32,-0.98,-0.05,2,40,13
-7.635217237725186,"[(0, 578); (1, 1580)]",0.84,-0.04,-0.79,0.86,-0.06,-1,-0.1,1,40,13
-9.629192511480044,"[(0, 729); (1, 1429)]",0.75,0,-0.9,1,0,-0.88,0,1,50,16
-5.817211777225967,"[(0, 353); (1, 1400); (2, 405)]",0.7000000000000001,-0.14,-0.86,0.81,-0.44,-0.6,0,2,20,6
0,"[(1, 1); (2, 2157)]",0.87,-0.05,-0.8200000000000001,0.76,-0.48,-0.84,0,3,20,6
0.2692052278346874,"[(0, 119); (1, 80); (2, 1959)]",0.7000000000000001,0,-0.6,1,0,-1,-0.02,1,40,13
0,"[(1, 7); (2, 2151)]",0.7000000000000001,0,-0.6,1,0,-1,-0.02,1,40,13
0.8940234125576445,"[(0, 98); (2, 2060)]",0.84,-0.05,-0.66,0.68,-0.92,-0.76,-0.02,1,20,6
0.9570709996467679,"[(0, 7); (1, 6); (2, 2145)]",0.72,-0.01,-0.71,0.74,-0.99,-0.8300000000000001,-0.05,4,40,13
0.712235544519333,"[(0, 8); (1, 45); (2, 2105)]",0.8,-0.04,-0.7000000000000001,0.67,-0.9500000000000001,-0.9500000000000001,-0.09,5,30,10
-0.9440748851995762,"[(0, 233); (1, 264); (2, 1661)]",0.72,-0.01,-0.71,0.74,-0.99,-0.8300000000000001,-0.05,4,40,13
0.7709670095778645,"[(0, 8); (1, 7); (2, 2143)]",0.71,-0.11,-0.6,0.9500000000000001,-0.49,-0.67,-0.1,2,10,3
-5.510503015253636,"[(0, 391); (1, 1666); (2, 101)]",0.77,-0.18,-0.78,0.67,-0.6900000000000001,-0.68,-0.04,2,10,3
0.5690441540091841,"[(0, 21); (1, 12); (2, 2125)]",0.6,-0.08,-0.6,0.6,-0.64,-1,-0.1,5,50,16
-0.913600567577155,"[(0, 101); (1, 277); (2, 1780)]",0.91,0,-0.71,0.85,-0.96,-1,-0.07,6,10,3
0,"[(1, 7); (2, 2151)]",0.96,-0.04,-0.72,0.6,-1,-0.76,0,1,50,16
-0.01771266406527137,"[(0, 3); (1, 30); (2, 2125)]",0.84,0,-0.6,0.7000000000000001,-0.37,-0.98,-0.1,7,20,6
-0.5742632139056403,"[(0, 57); (1, 288); (2, 1813)]",0.7000000000000001,0,-0.75,0.67,-0.48,-0.7000000000000001,-0.09,7,20,6
-1.5587144377438806,"[(0, 140); (1, 644); (2, 1374)]",0.86,0,-0.6,0.84,0,-0.67,-0.07,7,10,3
0.7082882373719535,"[(0, 2158)]",0.7000000000000001,-0.03,-0.91,0.87,-0.66,-0.92,-0.05,1,40,13
-0.42608689509007425,"[(0, 35); (1, 202); (2, 1921)]",0.7000000000000001,0,-0.61,0.8,-0.37,-0.91,-0.03,2,40,13
0.7082882373719535,"[(0, 994); (2, 1164)]",0.7000000000000001,-0.07,-0.8200000000000001,0.86,-1,-0.74,-0.06,1,40,13
0,"[(1, 1); (2, 2157)]",0.84,-0.2,-0.73,0.7000000000000001,-1,-1,-0.02,4,10,3
-2.8702847050512186,"[(0, 239); (1, 748); (2, 1171)]",0.7000000000000001,-0.03,-0.7000000000000001,0.92,-0.3,-0.72,-0.04,2,40,13
-2.7755987283645354,"[(0, 697); (1, 258); (2, 1203)]",0.7000000000000001,-0.04,-0.67,0.91,-1,-0.8,-0.07,3,40,13
0,"[(1, 1); (2, 2157)]",0.65,0,-0.81,0.6,-1,-0.6900000000000001,-0.1,1,10,3
-0.030633698339809255,"[(0, 3); (1, 83); (2, 2072)]",0.6,0,-0.8,0.98,-0.78,-0.9400000000000001,-0.06,7,40,13
0,"[(2, 2158)]",0.7000000000000001,-0.05,-0.75,0.8200000000000001,-0.64,-0.8,0,4,40,13
0,"[(2, 2158)]",0.7000000000000001,0,-0.62,0.93,-0.11,-0.79,-0.06,1,40,13
-3.2425305545743557,"[(0, 224); (1, 602); (2, 1332)]",0.7000000000000001,0,-0.84,0.78,-0.38,-0.68,-0.09,2,40,13
-0.1698777817025786,"[(0, 141); (1, 147); (2, 1870)]",0.7000000000000001,-0.11,-0.7000000000000001,0.98,-1,-1,-0.04,3,40,13
-0.8902338396326387,"[(0, 152); (1, 89); (2, 1917)]",0.7000000000000001,-0.04,-0.6,0.66,-0.55,-0.79,-0.09,4,40,13
0.8474111387016672,"[(0, 2); (2, 2156)]",0.8,-0.01,-0.7000000000000001,0.6,-0.99,-0.91,-0.04,6,20,6
-1.4407121158601202,"[(0, 528); (1, 1361); (2, 269)]",0.75,0,-0.9,1,0,-0.88,0,1,50,16
-0.5421236312257153,"[(0, 70); (1, 217); (2, 1871)]",0.7000000000000001,-0.18,-0.68,0.8300000000000001,-0.24,-0.99,-0.09,5,40,13
0,"[(1, 3); (2, 2155)]",0.75,-0.03,-0.6,0.79,-0.59,-0.9400000000000001,-0.06,1,30,10
-0.47730968428520754,"[(0, 17); (1, 432); (2, 1709)]",0.71,0,-0.67,0.6900000000000001,-0.76,-0.92,-0.09,5,10,3
0.7268541151536559,"[(0, 178); (1, 8); (2, 1972)]",0.84,-0.04,-0.79,0.86,-0.06,-1,-0.1,1,40,13
0,"[(2, 2158)]",0.7000000000000001,-0.13,-0.86,0.81,-0.44,-0.6,0,1,10,3
0.42323944661227386,"[(0, 6); (1, 13); (2, 2139)]",0.85,-0.03,-0.61,0.61,-0.98,-0.9400000000000001,-0.09,6,20,6
0.8940234125576445,"[(0, 1400); (2, 758)]",0.84,-0.04,-0.61,0.63,-0.99,-0.86,-0.04,1,20,6
-1.389978006385243,"[(0, 182); (1, 179); (2, 1797)]",0.78,-0.05,-0.75,0.93,-0.28,-0.98,-0.08,4,20,6
0.16966867683575737,"[(0, 11); (1, 11); (2, 2136)]",0.84,-0.02,-0.8,0.73,-0.6,-0.97,-0.05,6,30,10
-5.271848173111032,"[(0, 431); (1, 1721); (2, 6)]",0.84,0,-0.6,0.6,-1,-0.93,-0.09,7,20,6
-5.862175909572589,"[(0, 1712); (1, 446)]",0.7000000000000001,-0.13,-0.6,0.71,-0.16,-0.96,-0.02,1,40,13
-2.0229726853494148,"[(0, 273); (1, 319); (2, 1566)]",0.76,-0.05,-0.66,0.6,-0.93,-0.8200000000000001,-0.08,5,10,3
0,"[(1, 3); (2, 2155)]",0.86,0,-0.72,0.6,-0.44,-0.99,-0.05,2,40,13
-0.4400113034263511,"[(0, 5); (1, 82); (2, 2071)]",0.7000000000000001,-0.06,-0.7000000000000001,0.84,-0.46,-0.6,-0.06,1,40,13
0.7802894643490599,"[(0, 1750); (2, 408)]",0.9,0,-0.7000000000000001,0.87,-1,-0.89,-0.04,1,30,10
0,"[(2, 2158)]",0.76,-0.01,-0.87,0.8,-0.2,-0.9400000000000001,-0.02,2,30,10
0,"[(1, 13); (2, 2145)]",0.62,-0.08,-0.62,0.6,-0.1,-0.85,-0.08,3,20,6
-2.600964881163533,"[(0, 733); (1, 888); (2, 537)]",0.84,-0.04,-0.61,0.63,-0.99,-0.86,-0.04,1,20,6
0,"[(1, 10); (2, 2148)]",0.8,-0.01,-0.7000000000000001,0.6,-0.99,-0.91,-0.04,6,20,6
-0.01957715501951046,"[(0, 3); (1, 43); (2, 2112)]",0.9,0,-0.7000000000000001,0.87,-1,-0.89,-0.04,1,30,10
0,"[(2, 2158)]",0.7000000000000001,-0.07,-0.8200000000000001,0.86,-1,-0.74,-0.06,1,40,13
-3.492241610738255,"[(0, 864); (1, 1291); (2, 3)]",0.7000000000000001,-0.03,-0.91,0.87,-0.66,-0.92,-0.05,1,40,13
-0.9533578240904275,"[(0, 292); (1, 89); (2, 1777)]",0.6,-0.08,-0.6,0.6,-0.64,-1,-0.1,5,50,16
-0.5332444129123802,"[(0, 99); (1, 168); (2, 1891)]",0.85,-0.03,-0.61,0.61,-0.98,-0.9400000000000001,-0.09,6,20,6
0.016780418588151824,"[(0, 2); (1, 12); (2, 2144)]",0.8,-0.01,-0.7000000000000001,0.6,-0.99,-0.91,-0.04,6,20,6
-0.9117360766229159,"[(0, 73); (1, 662); (2, 1423)]",0.71,-0.11,-0.6,0.9500000000000001,-0.49,-0.67,-0.1,2,10,3
0,"[(2, 2158)]",0.84,-0.04,-0.79,0.86,-0.06,-1,-0.1,1,40,13
0.7082882373719535,"[(0, 1935); (2, 223)]",0.84,-0.04,-0.79,0.86,-0.06,-1,-0.1,1,40,13
-0.1444980489535296,"[(0, 25); (1, 1605); (2, 528)]",0.6,-0.08,-0.78,0.9500000000000001,-0.01,-0.67,-0.1,1,20,6
0.04381553742461866,"[(0, 1); (1, 2157)]",0.66,-0.07,-0.63,0.6,0,-0.91,-0.08,1,30,10
0.07426351112681032,"[(0, 3); (1, 1); (2, 2154)]",0.7000000000000001,-0.16,-0.6,0.9,-0.16,-0.96,0,1,50,16
-0.406459028024122,"[(0, 44); (1, 53); (2, 2061)]",0.81,-0.17,-0.6,0.77,-1,-0.86,-0.04,5,10,3
0.7886796736431357,"[(0, 1); (2, 2157)]",0.81,-0.03,-0.91,0.87,-0.68,-0.9400000000000001,0,5,30,10
-1.9958318615330273,"[(0, 253); (1, 254); (2, 1651)]",0.71,-0.07,-0.6,0.6,-0.64,-1,-0.1,7,40,13
0,"[(2, 2158)]",0.7000000000000001,-0.07,-0.8200000000000001,0.86,-1,-0.74,-0.06,1,40,13
0,"[(1, 49); (2, 2109)]",0.84,-0.06,-0.8,0.8200000000000001,-0.32,-0.98,-0.05,1,30,10
0,"[(1, 17); (2, 2141)]",0.7000000000000001,0,-0.61,0.79,-0.34,-0.9,-0.02,1,30,10
0,"[(2, 2158)]",0.7000000000000001,-0.03,-0.91,0.87,-0.66,-0.92,-0.05,1,40,13
0,"[(2, 2158)]",0.62,0,-1,0.62,-1,-0.71,-0.05,1,10,3
0.7509897562698693,"[(0, 1588); (2, 570)]",0.6,0,-0.76,0.77,-1,-0.78,-0.09,1,40,13
-1.266921603405463,"[(0, 51); (1, 1181); (2, 926)]",0.71,-0.05,-0.74,0.8200000000000001,-0.62,-0.79,0,3,30,10
0,"[(1, 2152); (2, 6)]",0.6900000000000001,0,-0.63,0.92,-0.09,-0.79,-0.06,1,30,10
-1.225902802412203,"[(0, 62); (1, 223); (2, 1873)]",0.85,0,-0.6,0.6,-0.99,-0.93,-0.1,7,30,10
-2.95615040794608,"[(0, 223); (1, 545); (2, 1390)]",0.86,0,-0.6,0.6,-1,-0.93,-0.1,7,30,10
0.5727573295655246,"[(0, 3); (1, 16); (2, 2139)]",0.66,-0.06,-0.61,0.64,-0.55,-0.98,-0.07,5,40,13
-0.4642582476055338,"[(0, 41); (1, 359); (2, 1758)]",0.71,-0.11,-0.6,0.9500000000000001,-0.49,-0.67,-0.1,2,10,3
-0.1668719404043987,"[(0, 19); (1, 233); (2, 1906)]",0.62,-0.18,-0.8200000000000001,1,0,-0.6,-0.06,7,20,6
-0.2330613692798865,"[(0, 155); (1, 402); (2, 1601)]",0.65,-0.08,-0.66,0.61,-0.68,-0.72,-0.07,5,20,6
0,"[(1, 1); (2, 2157)]",0.77,0,-0.75,0.6900000000000001,-0.49,-0.79,-0.1,3,30,10
-3.0633586378148276,"[(0, 408); (1, 1100); (2, 650)]",0.6900000000000001,-0.11,-0.7000000000000001,0.98,-1,-0.99,-0.03,3,30,10
-4.647243703440936,"[(0, 422); (1, 643); (2, 1093)]",0.7000000000000001,0,-0.66,0.6900000000000001,-0.76,-0.91,-0.09,4,10,3
-0.9779255054984035,"[(0, 141); (1, 339); (2, 1678)]",0.9500000000000001,0,-0.84,0.61,-0.7000000000000001,-1,-0.04,5,30,10
-0.38967860943597016,"[(0, 78); (1, 148); (2, 1932)]",0.8,-0.01,-0.7000000000000001,0.6,-0.99,-0.91,-0.04,6,20,6
-0.2889960979070592,"[(0, 49); (1, 118); (2, 1991)]",0.8300000000000001,-0.03,-0.61,0.6,-0.96,-0.8,-0.08,4,10,3
-5.833992195814118,"[(0, 909); (1, 689); (2, 560)]",0.88,0,-0.72,0.81,-0.8300000000000001,-0.97,0,3,30,10
0,"[(1, 125); (2, 2033)]",0.6,-0.04,-0.79,1,-0.66,-0.89,-0.1,1,10,3
0,"[(2, 2158)]",0.74,-0.02,-0.6,0.78,-0.5700000000000001,-0.93,-0.05,1,30,10
0,"[(2, 2158)]",0.84,-0.04,-0.79,0.86,-0.06,-1,-0.1,1,40,13
-1.0767435260730756,"[(0, 88); (1, 143); (2, 1927)]",0.65,0,-0.6,0.8,-1,-0.9500000000000001,-0.07,7,10,3
-2.0779751684994676,"[(0, 144); (1, 1437); (2, 577)]",0.84,-0.01,-0.65,0.72,-0.87,-0.9400000000000001,-0.09,6,30,10
0,"[(2, 2158)]",0.84,-0.04,-0.61,0.63,-0.99,-0.86,-0.04,1,20,6
-0.46985172046825113,"[(0, 1); (1, 142); (2, 2015)]",0.7000000000000001,-0.02,-0.86,0.85,-0.26,-0.61,0,4,10,3
-0.03169634622206456,"[(0, 3); (1, 12); (2, 2143)]",0.84,-0.02,-0.64,0.6,-0.49,-0.86,-0.05,2,20,6
0.13645920169551395,"[(0, 6); (1, 6); (2, 2146)]",1,0,-0.61,0.6,-0.78,-1,-0.02,7,50,16
-0.5043448031216743,"[(0, 117); (1, 172); (2, 1869)]",0.9,-0.09,-0.65,0.74,-0.79,-0.73,-0.08,4,30,10
-0.06991841078396593,"[(0, 3); (1, 2155)]",0.6900000000000001,-0.06,-0.6900000000000001,0.84,-0.44,-0.6,-0.05,1,30,10
-0.11093721177722597,"[(0, 31); (1, 113); (2, 2014)]",0.89,0,-0.6900000000000001,0.86,-1,-0.93,-0.06,1,20,6
0,"[(1, 478); (2, 1680)]",0.6900000000000001,0,-1,0.97,-0.13,-0.75,-0.09,3,30,10
0.40366229159276334,"[(0, 1); (1, 4); (2, 2153)]",0.61,-0.08,-0.61,0.6,-0.07,-0.84,-0.07,2,10,3
-0.10025574002119393,"[(0, 1); (1, 77); (2, 2080)]",0.62,-0.05,-0.77,0.61,-0.71,-0.91,-0.04,7,40,13
0,"[(1, 2158)]",0.6,0,-0.76,0.77,-1,-0.78,-0.09,1,40,13
0,"[(1, 9); (2, 2149)]",0.66,-0.06,-0.61,0.64,-0.55,-0.98,-0.07,5,40,13
0,"[(1, 128); (2, 2030)]",0.61,-0.08,-0.61,0.6,-0.07,-0.84,-0.07,2,10,3
0,"[(1, 6); (2, 2152)]",0.7000000000000001,0,-0.61,0.79,-0.34,-0.9,-0.02,1,30,10
0,"[(1, 178); (2, 1980)]",0.6900000000000001,0,-0.63,0.92,-0.09,-0.79,-0.06,1,30,10
0.010254700248315006,"[(0, 6); (1, 497); (2, 1655)]",0.77,0,-0.75,0.6900000000000001,-0.49,-0.79,-0.1,3,30,10
-0.4437488471089039,"[(0, 27); (1, 1507); (2, 624)]",0.6,-0.04,-0.79,1,-0.66,-0.89,-0.1,1,10,3
-1.0180120610145442,"[(0, 57); (1, 188); (2, 1913)]",0.77,0,-0.75,0.6900000000000001,-0.49,-0.79,-0.1,3,30,10
1.2634079830448606,"[(0, 2); (1, 2); (2, 2154)]",1,0,-0.61,0.6,-0.78,-1,-0.02,7,50,16
0.7886796736431357,"[(0, 187); (2, 1971)]",0.84,-0.06,-0.8,0.8200000000000001,-0.32,-0.98,-0.05,1,30,10
-0.005569763334510773,"[(0, 1); (1, 4); (2, 2153)]",1,0,-0.61,0.6,-0.78,-1,-0.02,7,50,16
0,"[(2, 2158)]",0.7000000000000001,0,-0.65,0.88,-0.39,-0.9400000000000001,0,1,40,13
0,"[(1, 2157); (2, 1)]",0.6900000000000001,-0.01,-0.6,0.81,-0.45,-0.6,-0.02,1,30,10
0,"[(2, 2158)]",0.6,-0.23,-0.99,1,0,-0.6,-0.02,2,20,6
0,"[(1, 266); (2, 1892)]",0.6,-0.12,-0.96,0.62,-0.79,-0.7000000000000001,-0.09,3,10,3
0.21068747782901737,"[(0, 3); (1, 10); (2, 2145)]",0.9400000000000001,-0.08,-0.6,0.74,-0.79,-0.74,-0.1,4,30,10
0,"[(1, 26); (2, 2132)]",0.84,-0.01,-0.73,0.63,-1,-0.91,-0.01,5,20,6
0,"[(1, 2); (2, 2156)]",0.6,-0.11,-0.73,0.6,-0.15,-0.85,-0.02,5,40,13
0.7802894643490599,"[(0, 2158)]",0.84,-0.06,-0.8,0.8200000000000001,-0.32,-0.98,-0.05,1,30,10
0,"[(1, 191); (2, 1967)]",0.7000000000000001,-0.06,-0.8200000000000001,0.86,-1,-0.74,-0.05,1,40,13
-5.053702731465059,"[(0, 508); (1, 509); (2, 1141)]",0.9400000000000001,-0.01,-0.6,0.6,-0.66,-0.85,-0.06,2,30,10
-3.082864005651713,"[(0, 1415); (1, 614); (2, 129)]",0.72,-0.04,-0.79,0.93,-0.6900000000000001,-0.98,-0.1,5,40,13
0,"[(2, 2158)]",0.6,0,-0.9,0.8300000000000001,-1,-1,-0.02,7,50,16
-0.015780996114447193,"[(0, 18); (1, 91); (2, 2049)]",1,-0.16,-0.6,0.72,-1,-0.99,-0.01,7,50,16
0,"[(2, 2158)]",0.68,0,-0.62,0.91,-0.08,-0.79,-0.06,1,20,6
-4.466950194277641,"[(0, 294); (1, 1864)]",0.6,0,-0.76,0.77,-1,-0.78,-0.09,1,40,13
0.04288329194749911,"[(0, 6); (1, 190); (2, 1962)]",0.63,-0.09,-0.79,0.76,-0.32,-0.76,-0.1,6,10,3
0,"[(1, 123); (2, 2035)]",0.6,-0.04,-0.77,1,-0.66,-0.89,-0.09,1,10,3
0,"[(1, 3); (2, 2155)]",1,0,-0.6,0.6,-1,-1,0,7,20,6
0.17153316778999644,"[(0, 28); (1, 81); (2, 2049)]",0.67,-0.11,-0.62,0.91,-0.76,-0.9,-0.09,7,20,6
0,"[(1, 34); (2, 2124)]",0.65,-0.08,-0.66,0.61,-0.68,-0.72,-0.07,4,20,6
0.5285831855267825,"[(0, 2142); (1, 16)]",0.6,-0.03,-0.8,1,-0.64,-0.88,-0.09,1,10,3
-0.9552144118685978,"[(0, 53); (1, 313); (2, 1792)]",0.66,-0.06,-0.61,0.64,-0.55,-0.98,-0.07,5,40,13
-4.979368421052632,"[(0, 363); (1, 1403); (2, 392)]",0.88,0,-1,0.6,-0.17,-0.63,-0.08,2,50,16
0,"[(1, 22); (2, 2136)]",0.6,-0.18,-0.75,0.73,0,-0.74,-0.1,1,30,10
-0.2534242317202402,"[(0, 2051); (1, 107)]",0.96,0,-0.6,0.77,0,-1,0,2,40,13
-0.3561177722596665,"[(0, 6); (1, 23); (2, 2129)]",0.9500000000000001,0,-0.8300000000000001,0.6,-0.6900000000000001,-0.99,-0.03,5,20,6
-0.9163973040085136,"[(0, 105); (1, 129); (2, 1924)]",0.84,0,-0.6,0.74,-0.96,-0.9,-0.09,4,20,6
-0.1444980489535296,"[(0, 2); (1, 484); (2, 1672)]",0.74,-0.05,-0.6,0.76,-0.88,-0.88,-0.06,2,20,6
0.08483433841787869,"[(0, 1); (2, 2157)]",0.6,-0.04,-0.79,1,-0.66,-0.89,-0.1,1,10,3
0,"[(1, 153); (2, 2005)]",0.65,0,-0.6,0.79,-1,-0.9400000000000001,-0.07,6,10,3
-0.7047775807023767,"[(0, 60); (1, 257); (2, 1841)]",0.91,-0.07,-0.79,0.75,-0.75,-0.8200000000000001,-0.1,6,30,10
0.8548691025186236,"[(0, 3); (1, 7); (2, 2148)]",0.85,0,-0.78,0.79,-0.32,-0.98,-0.07,6,30,10
-0.15382050372472508,"[(0, 3); (1, 132); (2, 2023)]",0.8,0,-0.61,0.75,-0.44,-0.6900000000000001,-0.05,4,20,6
-2.134147651006711,"[(0, 137); (1, 146); (2, 1875)]",1,0,-0.61,0.6,-0.78,-1,-0.02,7,50,16
-0.23679035118836464,"[(0, 55); (1, 61); (2, 2042)]",0.85,0,-0.79,0.71,-0.44,-0.79,-0.1,3,30,10
-0.5472280950691735,"[(0, 17); (1, 134); (2, 2007)]",0.76,-0.1,-0.79,0.62,-0.98,-0.81,-0.1,6,30,10
0,"[(1, 142); (2, 2016)]",0.6900000000000001,0,-0.85,0.86,-0.22,-0.6900000000000001,-0.03,2,30,10
-5.032261085491308,"[(0, 1015); (1, 884); (2, 259)]",0.9,-0.08,-0.79,0.93,-0.78,-0.99,-0.1,3,20,6
-5.138537069882937,"[(0, 511); (1, 1647)]",0.88,0,-0.68,0.85,-0.99,-0.93,-0.06,1,20,6
-3.1836183043632493,"[(0, 230); (1, 613); (2, 1315)]",0.68,0,-0.99,0.97,-0.14,-0.75,-0.08,2,30,10
1.0638247968915577,"[(0, 1); (1, 31); (2, 2126)]",0.6,-0.04,-0.76,0.6,-0.6900000000000001,-0.91,-0.04,6,40,13
-2.377225966654842,"[(0, 294); (1, 356); (2, 1508)]",0.61,-0.08,-0.61,0.6,-0.07,-0.84,-0.07,2,10,3
0,"[(1, 153); (2, 2005)]",0.85,0,-0.78,0.79,-0.32,-0.98,-0.07,6,30,10
0,"[(2, 2158)]",0.84,-0.06,-0.8,0.8200000000000001,-0.32,-0.98,-0.05,1,30,10
0,"[(1, 2158)]",0.6,-0.03,-0.8,1,-0.64,-0.88,-0.09,1,10,3
0,"[(2, 2158)]",0.6,-0.04,-0.79,1,-0.66,-0.89,-0.1,1,10,3
-0.11093721177722597,"[(0, 9); (1, 157); (2, 1992)]",0.63,-0.09,-0.79,0.76,-0.32,-0.76,-0.1,6,10,3
0,"[(2, 2158)]",0.85,0,-0.78,0.79,-0.32,-0.98,-0.07,6,30,10
0,"[(1, 41); (2, 2117)]",0.6,-0.04,-0.76,0.6,-0.6900000000000001,-0.91,-0.04,6,40,13
1.028266761262859,"[(0, 3); (1, 5); (2, 2150)]",0.67,-0.11,-0.62,0.91,-0.76,-0.9,-0.09,7,20,6
-0.7324238784881667,"[(0, 691); (1, 818); (2, 649)]",0.7000000000000001,-0.06,-0.8200000000000001,0.86,-1,-0.74,-0.05,1,40,13
-0.09415679318907413,"[(0, 3); (1, 2); (2, 2153)]",1,0,-0.6,0.6,-1,-1,0,7,20,6
-3.174295849592054,"[(0, 257); (1, 526); (2, 1375)]",0.67,-0.11,-0.62,0.91,-0.76,-0.9,-0.09,7,20,6
-3.5294813763746005,"[(0, 228); (1, 1384); (2, 546)]",0.68,0,-0.6,0.86,-0.08,-0.61,-0.1,1,10,3
0,"[(1, 59); (2, 2099)]",0.79,-0.04,-0.65,1,-0.6900000000000001,-0.92,-0.07,1,20,6
0.426968428520752,"[(0, 505); (1, 40); (2, 1613)]",0.6,-0.03,-0.96,0.91,-0.42,-0.75,-0.07,1,20,6
0.8930911670805249,"[(0, 1); (1, 12); (2, 2145)]",0.6,-0.22,-0.77,0.85,-0.44,-0.7000000000000001,-0.06,1,30,10
0.7802894643490599,"[(0, 2148); (2, 10)]",1,0,-0.6,0.73,-0.1,-0.92,-0.02,1,30,10
0,"[(1, 17); (2, 2141)]",0.87,-0.03,-0.6,0.98,-0.76,-1,-0.05,3,20,6
-1.58366937477923,"[(0, 646); (1, 220); (2, 1292)]",0.9500000000000001,-0.2,-0.6,0.72,-1,-1,-0.01,5,50,16
0,"[(1, 2158)]",0.84,-0.06,-0.8,0.8200000000000001,-0.32,-0.98,-0.05,1,30,10
-0.9134411868597669,"[(0, 58); (1, 602); (2, 1498)]",0.73,-0.02,-0.8300000000000001,0.86,-0.93,-0.77,-0.03,4,40,13
-0.013051436679673642,"[(0, 30); (1, 189); (2, 1939)]",0.8300000000000001,-0.06,-0.89,0.6,-0.37,-0.74,-0.09,7,30,10
-1.7136305192511478,"[(0, 154); (1, 657); (2, 1347)]",0.86,-0.15,-0.6,0.6,-1,-0.96,-0.01,6,40,13
0,"[(1, 8); (2, 2150)]",0.6,0,-0.9,0.8200000000000001,-1,-0.99,-0.02,7,40,13
0,"[(1, 539); (2, 1619)]",1,-0.08,-1,0.8,-0.25,-0.78,-0.07,4,30,10
0,"[(1, 22); (2, 2136)]",0.8200000000000001,-0.3,-0.93,1,-0.33,-0.88,-0.01,7,20,6
-0.28153813409010287,"[(0, 28); (1, 136); (2, 1994)]",0.6,-0.03,-0.66,0.6900000000000001,-0.88,-0.9,-0.09,4,10,3
-7.593139411138702,"[(0, 578); (1, 1285); (2, 295)]",0.66,-0.05,-0.61,0.63,-0.54,-0.98,-0.06,5,30,10
0,"[(1, 39); (2, 2119)]",0.86,0,-0.64,0.6,-0.67,-0.99,-0.09,6,20,6
-1.962376729336644,"[(0, 138); (1, 245); (2, 1775)]",0.64,-0.04,-0.6,0.84,-0.36,-1,-0.04,7,10,3
0.7057098261794963,"[(0, 173); (1, 10); (2, 1975)]",0.6,-0.03,-0.8,1,-0.64,-0.88,-0.09,1,10,3
0.9033458673288399,"[(0, 39); (1, 86); (2, 2033)]",0.61,-0.08,-0.75,0.6,-0.87,-0.73,-0.09,3,20,6
-0.3206924441291238,"[(0, 35); (1, 294); (2, 1829)]",0.67,-0.07,-0.61,0.6,-0.81,-0.74,-0.07,4,20,6
0.6152820148989003,"[(0, 8); (1, 14); (2, 2136)]",0.62,-0.15,-0.64,1,-0.79,-0.6,-0.09,7,20,6
0,"[(1, 133); (2, 2025)]",0.6,-0.17,-0.64,0.65,-0.9400000000000001,-0.87,-0.1,1,30,10
-0.42137495565803473,"[(0, 58); (1, 765); (2, 1335)]",0.84,0,-0.6,0.73,-0.9500000000000001,-0.88,-0.08,3,10,3
0.5421236312257153,"[(0, 5); (1, 2); (2, 2151)]",0.98,-0.1,-0.6900000000000001,0.8,-0.6,-0.9500000000000001,-0.07,6,50,16
-9.369067045051436,"[(0, 1048); (1, 800); (2, 310)]",0.74,-0.04,-0.6,0.76,-0.9,-0.87,-0.06,1,20,6
0.13088943836100317,"[(0, 25); (1, 36); (2, 2097)]",0.6,-0.1,-0.6,0.6,0,-0.84,-0.1,7,50,16
0,"[(1, 12); (2, 2146)]",0.73,-0.02,-0.7000000000000001,0.8300000000000001,-0.99,-0.96,-0.04,5,20,6
-0.45027456544874067,"[(0, 57); (1, 250); (2, 1851)]",0.76,-0.01,-0.62,0.99,-0.96,-0.93,-0.08,3,10,3
0.7066420716566159,"[(0, 22); (2, 2136)]",0.8,0,-0.61,0.75,-0.43,-0.68,-0.05,4,10,3
-1.72465413267116,"[(0, 298); (1, 152); (2, 1708)]",0.7000000000000001,0,-0.88,1,-0.04,-1,0,7,20,6
0,"[(1, 17); (2, 2141)]",0.85,-0.01,-0.68,0.7000000000000001,-0.74,-0.93,-0.08,4,20,6
-0.7141000354735721,"[(0, 81); (1, 258); (2, 1819)]",0.85,0,-0.61,0.6,-0.53,-0.9500000000000001,-0.08,6,20,6
-0.31696346222064564,"[(0, 13); (1, 430); (2, 1715)]",0.76,-0.09,-0.68,0.6,-0.98,-0.89,-0.1,6,30,10
-5.5533863072011345,"[(0, 1447); (1, 602); (2, 109)]",0.6,-0.1,-0.6,0.6,-1,-0.64,-0.08,5,10,3
0.019494171670787708,"[(0, 1); (1, 83); (2, 2074)]",0.6,-0.04,-0.76,0.6,-0.6900000000000001,-0.91,-0.04,6,40,13
0.0689861653068464,"[(0, 1); (1, 84); (2, 2073)]",0.84,0,-0.6,0.6,-0.97,-0.93,-0.09,7,20,6
-0.14356580347641007,"[(0, 29); (1, 34); (2, 2095)]",0.6,0,-0.6,0.93,-1,-1,-0.05,7,10,3
0.7392706633557998,"[(0, 121); (2, 2037)]",0.64,-0.16,-0.6,0.66,-0.98,-1,-0.03,7,10,3
0.7905441645973749,"[(0, 118); (2, 2040)]",0.6,-0.22,-0.77,0.85,-0.44,-0.7000000000000001,-0.06,1,30,10
0.7905441645973749,"[(0, 250); (2, 1908)]",1,0,-0.6,0.73,-0.1,-0.92,-0.02,1,30,10
-0.39340759134444836,"[(0, 469); (1, 197); (2, 1492)]",0.8,0,-0.61,0.75,-0.43,-0.68,-0.05,4,10,3
-0.005593472862717275,"[(0, 1); (1, 104); (2, 2053)]",0.6,-0.03,-0.8,1,-0.64,-0.88,-0.09,1,10,3
-6.439019510464703,"[(0, 1409); (1, 748); (2, 1)]",0.6,-0.03,-0.96,0.91,-0.42,-0.75,-0.07,1,20,6
0,"[(1, 2158)]",0.6,-0.22,-0.77,0.85,-0.44,-0.7000000000000001,-0.06,1,30,10
-3.1398027669386304,"[(0, 1055); (1, 1103)]",0.61,-0.08,-0.75,0.6,-0.87,-0.73,-0.09,3,20,6
-2.4089223128769066,"[(0, 181); (1, 668); (2, 1309)]",0.64,-0.16,-0.6,0.66,-0.98,-1,-0.03,7,10,3
-0.3113699893579283,"[(0, 12); (1, 412); (2, 1734)]",0.62,-0.15,-0.64,1,-0.79,-0.6,-0.09,7,20,6
-1.0814623807841752,"[(0, 41); (1, 308); (2, 1809)]",0.98,-0.1,-0.6900000000000001,0.8,-0.6,-0.9500000000000001,-0.07,6,50,16
-1.1634423554451931,"[(0, 71); (1, 486); (2, 1601)]",0.62,-0.15,-0.64,1,-0.79,-0.6,-0.09,7,20,6
-3.627367151472153,"[(0, 278); (1, 1796); (2, 84)]",0.63,0,-0.74,1,-0.2,-0.71,-0.09,1,10,3
0.7252869811990066,"[(0, 2142); (2, 16)]",0.6,0,-0.6,0.92,-1,-1,-0.09,1,10,3
-0.730880454061724,"[(0, 60); (1, 153); (2, 1945)]",0.8,-0.11,-0.6,0.6900000000000001,-1,-0.9400000000000001,-0.06,4,10,3
-0.036357573607662286,"[(0, 4); (1, 156); (2, 1998)]",0.81,-0.02,-0.85,0.6,-0.53,-0.77,-0.08,5,20,6
-0.05407023767293366,"[(0, 1); (1, 58); (2, 2099)]",0.76,-0.22,-0.92,0.71,-0.42,-0.92,-0.02,7,20,6
1.114965590634977,"[(0, 7); (1, 2); (2, 2149)]",1,-0.04,-0.8,0.96,-0.27,-1,0,4,30,10
1.361078396594537,"[(0, 13); (1, 11); (2, 2134)]",0.6,-0.15,-0.79,0.85,-0.79,-0.98,-0.07,6,10,3
0.7802894643490599,"[(0, 1); (2, 2157)]",0.79,-0.05,-0.88,0.75,-0.17,-0.96,-0.07,5,30,10
0.8641915572898191,"[(0, 1); (1, 1); (2, 2156)]",0.7000000000000001,-0.04,-0.77,0.7000000000000001,-0.93,-0.85,-0.03,4,30,10
-0.7672380276693862,"[(0, 37); (1, 40); (2, 2081)]",0.85,-0.14,-0.61,0.61,-0.99,-0.96,-0.01,6,30,10
0.6926583894998226,"[(0, 2154); (1, 4)]",1,0,-0.6,0.73,-0.1,-0.92,-0.02,1,30,10
-1.4906605179141537,"[(0, 166); (1, 1152); (2, 840)]",0.8,-0.11,-0.65,0.98,-0.68,-0.73,-0.05,3,10,3
-0.5211252217098261,"[(0, 24); (1, 431); (2, 1703)]",0.6,-0.21,-0.61,0.8,-0.63,-0.78,-0.08,5,20,6
-0.05873146505853139,"[(0, 1); (1, 15); (2, 2142)]",0.88,-0.07,-0.9,0.7000000000000001,-0.14,-0.65,-0.05,5,30,10
-0.3750307311903921,"[(0, 14); (1, 88); (2, 2056)]",0.9400000000000001,0,-0.72,0.84,-1,-0.89,-0.07,6,40,13
0.14729478538488827,"[(0, 2); (1, 193); (2, 1963)]",0.6,0,-0.81,0.6900000000000001,0,-0.88,-0.01,3,10,3
0,"[(1, 2140); (2, 18)]",0.6,-0.05,-0.99,0.6,-0.53,-0.81,-0.06,1,10,3
0,"[(2, 2158)]",0.6,-0.08,-0.6,0.75,0,-0.64,-0.02,1,10,3
0.741135154310039,"[(0, 88); (1, 6); (2, 2064)]",0.6,-0.02,-0.61,0.9500000000000001,-0.71,-0.91,-0.09,1,10,3
-3.3169294075913442,"[(0, 350); (1, 1433); (2, 375)]",0.61,-0.08,-0.75,0.6,-0.87,-0.73,-0.09,3,20,6
-3.1808215679318907,"[(0, 442); (1, 424); (2, 1292)]",0.75,-0.02,-0.64,0.61,-0.91,-0.9,-0.09,5,20,6
0.7010485987938986,"[(0, 1); (1, 1); (2, 2156)]",0.62,-0.14,-0.63,0.99,-0.78,-0.6,-0.08,6,20,6
-0.4856998935792834,"[(0, 119); (1, 853); (2, 1186)]",0.6,-0.17,-0.65,0.64,-0.9400000000000001,-0.87,-0.1,1,20,6
-1.9129677190493082,"[(0, 149); (1, 316); (2, 1693)]",0.84,0,-0.6,0.73,-0.9500000000000001,-0.88,-0.08,3,10,3
-0.6600297978006385,"[(0, 44); (1, 423); (2, 1691)]",0.75,-0.06,-0.63,0.6,-0.9,-0.67,-0.07,3,20,6
-0.805759095725892,"[(0, 99); (1, 388); (2, 1671)]",0.88,-0.07,-0.67,0.75,-0.65,-0.9400000000000001,-0.08,6,40,13
-6.95921248669741,"[(0, 729); (1, 1233); (2, 196)]",0.6,-0.25,-0.8,0.8,-0.47000000000000003,-0.6,-0.1,1,10,3
0,"[(1, 11); (2, 2147)]",0.74,-0.02,-0.67,0.6,-0.92,-0.89,-0.04,4,20,6
0.7853366301660191,"[(0, 3); (2, 2155)]",0.6,0,-0.76,0.98,0,-0.6,-0.03,1,50,16
-0.5379056402979779,"[(0, 42); (1, 156); (2, 1960)]",0.8,0,-0.61,0.65,-0.98,-0.93,-0.09,4,10,3
1.562443419652359,"[(0, 3); (1, 32); (2, 2123)]",0.6900000000000001,0,-0.88,0.99,-0.04,-1,0,6,10,3
-2.5711330258957075,"[(0, 235); (1, 364); (2, 1559)]",0.8,-0.05,-0.66,0.68,-0.88,-0.73,-0.08,3,10,3
0.7593444012716355,"[(0, 1); (1, 17); (2, 2140)]",0.7000000000000001,-0.19,-0.9,0.6,-0.36,-0.6,-0.07,1,40,13
-0.02517062788222774,"[(0, 1); (1, 31); (2, 2126)]",0.8,0,-0.7000000000000001,0.6,-0.99,-0.9,-0.03,6,20,6
-0.7457963816956367,"[(0, 43); (1, 67); (2, 2048)]",0.76,-0.08,-0.63,0.65,-0.98,-0.91,-0.1,6,20,6
-0.39620432777580705,"[(0, 9); (1, 101); (2, 2048)]",0.62,0,-0.75,0.6,-0.96,-0.93,-0.09,6,30,10
-0.09602128414331322,"[(0, 10); (1, 2148)]",0.72,-0.04,-0.6900000000000001,0.78,-0.68,-0.71,-0.07,2,20,6
-0.01118694572543455,"[(0, 1); (1, 66); (2, 2091)]",0.78,-0.03,-0.79,0.75,-1,-0.87,-0.03,5,20,6
0.6154588484634405,"[(0, 18); (1, 150); (2, 1990)]",0.78,-0.01,-0.87,0.88,-0.19,-0.99,-0.06,5,40,13
0.5509570769776516,"[(0, 15); (1, 16); (2, 2127)]",0.64,-0.16,-0.6,0.66,-0.98,-1,-0.03,7,10,3
-0.7234224902447677,"[(0, 111); (1, 383); (2, 1664)]",0.6,-0.15,-0.79,0.85,-0.79,-0.98,-0.07,6,10,3
-0.11932742107130188,"[(0, 8); (1, 10); (2, 2140)]",0.7000000000000001,-0.04,-0.77,0.7000000000000001,-0.93,-0.85,-0.03,4,30,10
0,"[(1, 1); (2, 2157)]",0.6,0,-0.76,0.98,0,-0.6,-0.03,1,50,16
0,"[(2, 2158)]",0.7000000000000001,-0.19,-0.9,0.6,-0.36,-0.6,-0.07,1,40,13
0,"[(2, 2158)]",0.6,0,-0.76,0.98,0,-0.6,-0.03,1,50,16
